Method,Average length,ECE,ECE mean p-hat,"Coverage [0,1]",Coverage p*,seed
Simultaneous confidence interval,0.4019152835112974,0.0619851620723396,0.0291983015272249,,1.0,0
PICPI,0.1071582857142857,0.004872738764492,0.0047157771630909,1.0,0.8052,0
Split conformal prediction,0.8768812007633642,0.2796105569577272,0.0208715497772506,,1.0,0
Calibration-based interval,0.02,0.0058723599994744,0.0050142989944171,0.74,0.309,0
Fixed-width binning,0.02,0.0056894381204834,0.0056490881879948,1.0,0.3135,0
Simultaneous confidence interval,0.4156204735466255,0.0694674013047408,0.0277083574850948,,1.0,1
PICPI,0.1079688163265306,0.0089808368476341,0.0080609165664104,1.0,0.8051,1
Split conformal prediction,0.8717895360941551,0.2698747727596261,0.0208973718018428,,1.0,1
Calibration-based interval,0.02,0.0103484090044459,0.0084747907012486,0.62,0.285,1
Fixed-width binning,0.02,0.0085391200205735,0.0085458756599942,1.0,0.302,1
Simultaneous confidence interval,0.3994100831145949,0.062354292601486,0.0351547066906092,,1.0,2
PICPI,0.125903306122449,0.0098375710260604,0.0101176819926363,1.0,0.7654,2
Split conformal prediction,0.8902172608550871,0.291771678815079,0.0241897886178391,,1.0,2
Calibration-based interval,0.02,0.0113394725630294,0.0106788638892488,0.8,0.2691,2
Fixed-width binning,0.02,0.0106299804066719,0.010666199632244,1.0,0.2775,2
Simultaneous confidence interval,0.4130206972085469,0.0679985449601913,0.0274334967636642,,1.0,3
PICPI,0.0957802857142857,0.005143347863697,0.0037158299225168,1.0,0.774,3
Split conformal prediction,0.8703297584056432,0.2726258230027416,0.0201114003060611,,1.0,3
Calibration-based interval,0.0199999999999999,0.0094660694735933,0.0026486610820254,0.38,0.2781,3
Fixed-width binning,0.02,0.0038150434467479,0.0037583167753974,1.0,0.3235,3
Simultaneous confidence interval,0.409060568564826,0.0695358196122085,0.0244746069213737,,1.0,4
PICPI,0.1106125714285714,0.0156427624532884,0.0140894277626392,1.0,0.8553,4
Split conformal prediction,0.8598237567402848,0.2646785950167927,0.0192255143555888,,1.0,4
Calibration-based interval,0.0199999999999999,0.0133362115836777,0.0132985026498909,0.76,0.3301,4
Fixed-width binning,0.02,0.014940916449816,0.0149894169863272,1.0,0.3309,4
Simultaneous confidence interval,0.411384217538017,0.06679387828657,0.0216368289717896,,1.0,5
PICPI,0.0976711836734694,0.007121008736499,0.0059118246504396,1.0,0.8636,5
Split conformal prediction,0.8897997268047729,0.2904066602824759,0.0154024686053561,,1.0,5
Calibration-based interval,0.02,0.0083783701025119,0.0054791243264922,0.54,0.3435,5
Fixed-width binning,0.02,0.0062573673559702,0.0062270779836227,1.0,0.3579,5
Simultaneous confidence interval,0.4056180356286779,0.0609192495185234,0.0292438725619262,,1.0,6
PICPI,0.1155817551020408,0.0104603574525747,0.0105259877969859,1.0,0.8128,6
Split conformal prediction,0.8818671252137061,0.2836292654146404,0.0209548881869171,,1.0,6
Calibration-based interval,0.02,0.0117873390280665,0.0112265876530886,0.72,0.3082,6
Fixed-width binning,0.02,0.0117233123894459,0.0117098162622895,1.0,0.314,6
Simultaneous confidence interval,0.4011033249286058,0.0561112700697472,0.0322900998064085,,1.0,7
PICPI,0.1282594285714285,0.0167631663271875,0.0183393737146915,1.0,0.8074,7
Split conformal prediction,0.893559273912395,0.2933170757453737,0.0237916902415081,,1.0,7
Calibration-based interval,0.02,0.0178200641588931,0.017361788430117,0.68,0.27,7
Fixed-width binning,0.02,0.017863425576577,0.0179936332405957,1.0,0.2741,7
Simultaneous confidence interval,0.3964017452294384,0.0586995128179579,0.0305245056576345,,1.0,8
PICPI,0.1241424489795918,0.0125687654918266,0.0123594354665352,1.0,0.8232,8
Split conformal prediction,0.8709109042802357,0.2739585680052618,0.0230328924967819,,1.0,8
Calibration-based interval,0.02,0.0142920167980165,0.0133914987304652,0.68,0.3031,8
Fixed-width binning,0.02,0.0134569770565164,0.013490465737846,1.0,0.3073,8
Simultaneous confidence interval,0.399750892443121,0.0555552532769071,0.0317611967021045,,1.0,9
PICPI,0.108144693877551,0.0129378149811512,0.0141085811208057,1.0,0.7837,9
Split conformal prediction,0.8783373658909129,0.277808267977067,0.0242689553531414,,1.0,9
Calibration-based interval,0.02,0.017185541785619,0.0157508732420928,0.52,0.2665,9
Fixed-width binning,0.02,0.0153007786715132,0.0153443633313604,1.0,0.2769,9
Simultaneous confidence interval,0.4105143075295767,0.0670676031813363,0.0250241289093493,,1.0,10
PICPI,0.1069549795918367,0.0134201841539173,0.0123089410685722,1.0,0.8435,10
Split conformal prediction,0.8777725186123502,0.280328417513267,0.0182399705498636,,1.0,10
Calibration-based interval,0.0199999999999999,0.0123785990510159,0.0120497393775672,0.6,0.3287,10
Fixed-width binning,0.02,0.0139823716454521,0.0140160740296798,1.0,0.3358,10
Simultaneous confidence interval,0.4076758920692248,0.0674151449652184,0.0321559247753126,,1.0,11
PICPI,0.1063711836734694,0.0047993052770527,0.0039478918016178,1.0,0.7829,11
Split conformal prediction,0.8718814799604389,0.271852470459281,0.0235140901605482,,1.0,11
Calibration-based interval,0.02,0.0056542391300014,0.0052077880536442,0.86,0.2854,11
Fixed-width binning,0.02,0.0055562374658102,0.0056505571096774,1.0,0.2871,11
Simultaneous confidence interval,0.4152140189245347,0.0689335958760433,0.0323227128734604,,1.0,12
PICPI,0.1096908571428571,0.021450840106888,0.0204141278004466,1.0,0.7815,12
Split conformal prediction,0.8716482875498311,0.2696757989941597,0.0241368612657177,,1.0,12
Calibration-based interval,0.02,0.0229471942722542,0.0229514835341607,0.7,0.2821,12
Fixed-width binning,0.02,0.0268891583409462,0.0268859986196217,1.0,0.2811,12
Simultaneous confidence interval,0.407171896957192,0.0667176092236271,0.0262375288416445,,1.0,13
PICPI,0.100664,0.0037838713806766,0.00209137494062,1.0,0.8049,13
Split conformal prediction,0.8688511165940054,0.272782562402151,0.0191267121376401,,1.0,13
Calibration-based interval,0.02,0.0071385746350236,0.0025927421282399,0.52,0.3131,13
Fixed-width binning,0.02,0.0030676024910813,0.0030253641664146,1.0,0.3328,13
Simultaneous confidence interval,0.4083162243663994,0.0663106953315049,0.0360867706416097,,1.0,14
PICPI,0.118264693877551,0.0082570840289535,0.0080223905665032,1.0,0.772,14
Split conformal prediction,0.8669984270381934,0.2694769435974543,0.0264175871924545,,1.0,14
Calibration-based interval,0.0199999999999999,0.0088770342043497,0.00798016001452,0.72,0.2691,14
Fixed-width binning,0.02,0.0082002743280061,0.0081863970175942,1.0,0.2708,14
Simultaneous confidence interval,0.4108422923219519,0.0704573803908591,0.033175848373714,,1.0,15
PICPI,0.1057932244897959,0.0061522553733704,0.0047142671471066,1.0,0.7499,15
Split conformal prediction,0.8673822261519611,0.2676025696205361,0.024760530694359,,1.0,15
Calibration-based interval,0.02,0.0082814102149074,0.0038106491429249,0.5,0.268,15
Fixed-width binning,0.02,0.0048852375492832,0.0048126860885106,1.0,0.2801,15
Simultaneous confidence interval,0.4155127754615353,0.0694611365775692,0.0330923222968785,,1.0,16
PICPI,0.1199039591836734,0.0074235806683739,0.0059664107823171,1.0,0.8031,16
Split conformal prediction,0.857452031694249,0.2560730432270445,0.0249985025963145,,1.0,16
Calibration-based interval,0.0199999999999999,0.0068677914435154,0.0055005519553113,0.66,0.2778,16
Fixed-width binning,0.02,0.0066701657668543,0.0066350988112258,1.0,0.2866,16
Simultaneous confidence interval,0.3916254309367984,0.0522611561088606,0.0340003384483358,,1.0,17
PICPI,0.1349859183673469,0.0152825992194415,0.0182604427825193,1.0,0.824,17
Split conformal prediction,0.8820602864997913,0.2843092255900728,0.027032573706099,,1.0,17
Calibration-based interval,0.02,0.0178086319469573,0.0179604179698848,0.82,0.2519,17
Fixed-width binning,0.02,0.0204905472290761,0.0205236970278955,1.0,0.2561,17
Simultaneous confidence interval,0.4150643044008066,0.0722555996994091,0.0365887866892323,,1.0,18
PICPI,0.1175650612244898,0.0051154623062137,0.0036154715032441,1.0,0.7734,18
Split conformal prediction,0.8653197208074472,0.2639160275522484,0.027628152152447,,1.0,18
Calibration-based interval,0.02,0.0058572175485593,0.0034776195772161,0.58,0.2571,18
Fixed-width binning,0.02,0.005091419966017,0.0050179767003108,1.0,0.2593,18
Simultaneous confidence interval,0.4059157747101502,0.0632226616213966,0.0246795796963434,,1.0,19
PICPI,0.105046693877551,0.0027625907611416,0.0018561574597845,1.0,0.8464,19
Split conformal prediction,0.8721030666771591,0.2743996489439037,0.0177947823315857,,1.0,19
Calibration-based interval,0.02,0.0054142036710521,0.001944952249025,0.52,0.3247,19
Fixed-width binning,0.02,0.0027361677080464,0.0026537978441884,1.0,0.3448,19
Simultaneous confidence interval,0.4109410980210808,0.0716024355818714,0.0335690223165362,,1.0,20
PICPI,0.0990729795918367,0.0073954838045287,0.0060777104576042,1.0,0.7363,20
Split conformal prediction,0.8669017258460885,0.2683414637300237,0.0252177030331832,,1.0,20
Calibration-based interval,0.0199999999999999,0.0091313960594986,0.0057240625493334,0.54,0.2645,20
Fixed-width binning,0.02,0.0070978738973589,0.0070838459915728,1.0,0.2725,20
Simultaneous confidence interval,0.4127855097027819,0.0638611686472299,0.0290247275408061,,1.0,21
PICPI,0.1139276326530612,0.0113300628842162,0.0100214477322773,1.0,0.8172,21
Split conformal prediction,0.8749900827965054,0.2718068508993991,0.0213149307253804,,1.0,21
Calibration-based interval,0.02,0.0139993239447669,0.009206763045824,0.46,0.2854,21
Fixed-width binning,0.02,0.0098944100893809,0.0098392186926538,1.0,0.306,21
Simultaneous confidence interval,0.411420927711815,0.0614107270675755,0.0311858431881459,,1.0,22
PICPI,0.1150542857142857,0.0098547798188466,0.0095499703167691,1.0,0.8128,22
Split conformal prediction,0.8640024476910197,0.2616493602935539,0.0237467557134389,,1.0,22
Calibration-based interval,0.02,0.0100249237068538,0.0098542112337824,0.8,0.2926,22
Fixed-width binning,0.02,0.0104675370181628,0.0104704338064766,1.0,0.2941,22
Simultaneous confidence interval,0.4126870523760397,0.0684124657008003,0.0340957318220283,,1.0,23
PICPI,0.1196103673469388,0.0225614636644351,0.0218030385492654,1.0,0.7871,23
Split conformal prediction,0.8705926853917794,0.2700582195876062,0.0251199011462261,,1.0,23
Calibration-based interval,0.02,0.0222226381930907,0.0223014839676686,0.78,0.2707,23
Fixed-width binning,0.02,0.0248054669213245,0.024832833499483,1.0,0.2741,23
Simultaneous confidence interval,0.4216452914752414,0.077508803877213,0.0337483251469853,,1.0,24
PICPI,0.1031749387755102,0.0137853747738299,0.0122214508811428,1.0,0.7413,24
Split conformal prediction,0.8923569848248335,0.2913246370156779,0.0256158009956461,,1.0,24
Calibration-based interval,0.02,0.0120441505466287,0.0119924148491077,0.64,0.2317,24
Fixed-width binning,0.02,0.0122605252263508,0.0122278622642264,1.0,0.231,24
Simultaneous confidence interval,0.4163239219486394,0.0746867784058594,0.0314984606422464,,1.0,25
PICPI,0.1122631428571428,0.0098746837884586,0.0087898940811441,1.0,0.7955,25
Split conformal prediction,0.8755676039393092,0.2754949095947805,0.0240261354263237,,1.0,25
Calibration-based interval,0.02,0.0106716849364818,0.0096946651611798,0.58,0.2536,25
Fixed-width binning,0.02,0.0103044162986972,0.0103908967417055,1.0,0.2576,25
Simultaneous confidence interval,0.4053157441516918,0.0615480725247359,0.0295751557113326,,1.0,26
PICPI,0.0913903265306122,0.0107616579160011,0.0106808588116386,1.0,0.7645,26
Split conformal prediction,0.8728923658906508,0.2735181464176073,0.0218809063151811,,1.0,26
Calibration-based interval,0.0199999999999999,0.0162019293591015,0.0093164067132519,0.38,0.2622,26
Fixed-width binning,0.02,0.0102953578963731,0.0104492289104071,1.0,0.3047,26
Simultaneous confidence interval,0.4129293935820901,0.0680424731900811,0.0256949030232219,,1.0,27
PICPI,0.0990796326530612,0.0145513585495432,0.0136989110176738,1.0,0.8133,27
Split conformal prediction,0.880654928765918,0.2804188078173843,0.0186342787630678,,1.0,27
Calibration-based interval,0.02,0.0146945434148335,0.013126663762916,0.52,0.2643,27
Fixed-width binning,0.02,0.0131169753124089,0.0131320131439001,1.0,0.321,27
Simultaneous confidence interval,0.4051251347611722,0.0653629282286291,0.0399317605728332,,1.0,28
PICPI,0.119618,0.0229541044296636,0.022726734198224,1.0,0.742,28
Split conformal prediction,0.8678977797625747,0.2626610026550611,0.0304644611563339,,1.0,28
Calibration-based interval,0.0199999999999999,0.0265832625694267,0.0266210898497341,0.78,0.2403,28
Fixed-width binning,0.02,0.0291359063623893,0.0291328150681403,1.0,0.2413,28
Simultaneous confidence interval,0.4132670991108939,0.0708917558495403,0.0318875091101545,,1.0,29
PICPI,0.108357306122449,0.0116225510869315,0.0104005431441111,1.0,0.7806,29
Split conformal prediction,0.8771192490106594,0.2776047424630893,0.0231984173398025,,1.0,29
Calibration-based interval,0.0199999999999999,0.0107825481431032,0.0094628297537179,0.52,0.2698,29
Fixed-width binning,0.02,0.01123796875315,0.0112747528192666,1.0,0.2788,29
Simultaneous confidence interval,0.4155673598207903,0.0746275886024236,0.036243030274098,,1.0,30
PICPI,0.1100912244897959,0.0091130158698753,0.0072701180600048,1.0,0.7412,30
Split conformal prediction,0.8738420887879589,0.2727173871862364,0.0271253431480543,,1.0,30
Calibration-based interval,0.02,0.0113164890880239,0.0068512778751665,0.4,0.2346,30
Fixed-width binning,0.02,0.0073438421652301,0.0073599528284621,1.0,0.2429,30
Simultaneous confidence interval,0.3949596382975223,0.052959291526358,0.0281189135320112,,1.0,31
PICPI,0.1240963673469388,0.0144275014172486,0.0157100257606596,1.0,0.8624,31
Split conformal prediction,0.8543058063494187,0.257809343995702,0.0231836043644658,,1.0,31
Calibration-based interval,0.0199999999999999,0.0164665800078259,0.0153673071175496,0.6,0.285,31
Fixed-width binning,0.02,0.0164189534504112,0.0164522984372638,1.0,0.2961,31
Simultaneous confidence interval,0.4007428881860171,0.060799729091801,0.0299687533667264,,1.0,32
PICPI,0.110908612244898,0.007115972890005,0.0070332023972667,1.0,0.8061,32
Split conformal prediction,0.8674968526971399,0.2698033508112976,0.022418716003044,,1.0,32
Calibration-based interval,0.02,0.0124252545701392,0.0062109389866003,0.44,0.2266,32
Fixed-width binning,0.02,0.0072131635799417,0.0074539433927851,1.0,0.3067,32
Simultaneous confidence interval,0.3961932996670813,0.0533890506896295,0.036542504969304,,1.0,33
PICPI,0.116462612244898,0.0181859394085505,0.0198830337167846,1.0,0.7542,33
Split conformal prediction,0.8582277306805886,0.259176152004777,0.0302838647549213,,1.0,33
Calibration-based interval,0.02,0.0180982739775954,0.0182626388412103,0.6,0.2299,33
Fixed-width binning,0.02,0.0211951009939498,0.0211696902269756,1.0,0.241,33
Simultaneous confidence interval,0.4028007731993253,0.0569721925058029,0.0250318735535936,,1.0,34
PICPI,0.1085374285714285,0.0074995776677931,0.0073455116523639,1.0,0.8446,34
Split conformal prediction,0.8594595081963297,0.2600442992493489,0.0196085959240783,,1.0,34
Calibration-based interval,0.02,0.0086841021781765,0.0076548822791453,0.72,0.3199,34
Fixed-width binning,0.02,0.0084310107448107,0.0084803221643434,1.0,0.3287,34
Simultaneous confidence interval,0.4049697778385877,0.066997582706876,0.0408253585130635,,1.0,35
PICPI,0.1069547755102041,0.0101528907848019,0.0103872004557772,1.0,0.704,35
Split conformal prediction,0.8821114224495906,0.2787706529135386,0.0289929015009027,,1.0,35
Calibration-based interval,0.0199999999999999,0.0111497041655803,0.0104033636306737,0.52,0.2462,35
Fixed-width binning,0.02,0.0110631901270065,0.0111319450855841,1.0,0.2472,35
Simultaneous confidence interval,0.4056419316982977,0.0629431774707488,0.0322681279889643,,1.0,36
PICPI,0.1048588163265306,0.0114189164824986,0.0110790717837824,1.0,0.7781,36
Split conformal prediction,0.8583034932879691,0.2590203467506353,0.025010619499592,,1.0,36
Calibration-based interval,0.02,0.0172505667615251,0.011252021445616,0.4,0.2594,36
Fixed-width binning,0.02,0.010938004879306,0.0109989427485249,1.0,0.2939,36
Simultaneous confidence interval,0.4035422014778391,0.0619940492233967,0.027915225140822,,1.0,37
PICPI,0.1168188163265306,0.006948263034163,0.005865549227035,1.0,0.8156,37
Split conformal prediction,0.8717929536770155,0.2725469294760035,0.0206637594894862,,1.0,37
Calibration-based interval,0.02,0.0079936585768896,0.0058536886943005,0.48,0.2815,37
Fixed-width binning,0.02,0.0068551633867888,0.0068192509778181,1.0,0.3139,37
Simultaneous confidence interval,0.4085496227289951,0.0620393088145441,0.0330194071257143,,1.0,38
PICPI,0.1124246530612244,0.0091859318462086,0.0092109484380873,1.0,0.7794,38
Split conformal prediction,0.8608359689228248,0.2595898950300855,0.0256315947476531,,1.0,38
Calibration-based interval,0.02,0.0143873685769168,0.0098778769230164,0.48,0.2692,38
Fixed-width binning,0.02,0.009491344530254,0.0094653930376626,1.0,0.2784,38
Simultaneous confidence interval,0.413922248705556,0.0703429848834698,0.0307523246567277,,1.0,39
PICPI,0.1151657142857143,0.0064758431265443,0.0047422401355703,1.0,0.8085,39
Split conformal prediction,0.8644830518075445,0.2653956381505395,0.0231213369884443,,1.0,39
Calibration-based interval,0.02,0.0089219654924739,0.0046654306365168,0.52,0.2767,39
Fixed-width binning,0.02,0.0056288815736882,0.0056804720574654,1.0,0.2935,39
Simultaneous confidence interval,0.4096337844598843,0.0638172581776278,0.0320476330552361,,1.0,40
PICPI,0.0966375102040816,0.006489510940562,0.0065376004839885,1.0,0.7459,40
Split conformal prediction,0.8739036439202317,0.2730761473148086,0.0230906631436939,,1.0,40
Calibration-based interval,0.02,0.0091434141375444,0.0058576295092122,0.52,0.282,40
Fixed-width binning,0.02,0.0069101345372866,0.0069503572670738,1.0,0.2946,40
Simultaneous confidence interval,0.3971824607776846,0.0586399780930905,0.0359167088496815,,1.0,41
PICPI,0.134592693877551,0.0134232594134026,0.0148613236275106,1.0,0.7968,41
Split conformal prediction,0.8805632944659328,0.2805265725064155,0.026556758792499,,1.0,41
Calibration-based interval,0.02,0.0148548691032876,0.014647126359275,0.76,0.2721,41
Fixed-width binning,0.02,0.0148362508596305,0.0150523617916679,1.0,0.2706,41
Simultaneous confidence interval,0.4066471743455648,0.0683476670809649,0.0291982903023112,,1.0,42
PICPI,0.1094488163265306,0.006687794497225,0.0051455821337079,1.0,0.8148,42
Split conformal prediction,0.8634166449053841,0.2664173242020526,0.0221233573959152,,1.0,42
Calibration-based interval,0.02,0.0079005968586147,0.0051758589085478,0.6,0.2971,42
Fixed-width binning,0.02,0.0061089602201338,0.0060513232902668,1.0,0.3009,42
Simultaneous confidence interval,0.4063989437845782,0.0639428569392748,0.032591138951723,,1.0,43
PICPI,0.1020850612244898,0.016455291288145,0.01608589574597,1.0,0.7555,43
Split conformal prediction,0.873788418263754,0.2721972910159559,0.0241882015330703,,1.0,43
Calibration-based interval,0.0199999999999999,0.0138137258974263,0.0132290317374608,0.48,0.2727,43
Fixed-width binning,0.02,0.0161152352556026,0.0161452084066898,1.0,0.2876,43
Simultaneous confidence interval,0.3971588359817094,0.0516079643359706,0.025908771698738,,1.0,44
PICPI,0.1186278367346938,0.0115361739224532,0.0125323390315532,1.0,0.8588,44
Split conformal prediction,0.8721005473489415,0.2713672600828056,0.0210778826166897,,1.0,44
Calibration-based interval,0.02,0.0166073393985275,0.0151798131939926,0.62,0.2808,44
Fixed-width binning,0.02,0.0148014040587423,0.0148944888048613,1.0,0.2995,44
Simultaneous confidence interval,0.4021174041930265,0.0584947640470707,0.0267169678454508,,1.0,45
PICPI,0.1401418775510204,0.0069613044736187,0.0081442718248159,1.0,0.8913,45
Split conformal prediction,0.8760793276963843,0.2768351272768264,0.0200468042456358,,1.0,45
Calibration-based interval,0.02,0.0098949215861587,0.0086432042266676,0.66,0.314,45
Fixed-width binning,0.02,0.0084661686872706,0.0086228533315396,1.0,0.3173,45
Simultaneous confidence interval,0.4151071939345636,0.0682098926596013,0.0246809784051843,,1.0,46
PICPI,0.1156744081632653,0.0051315260003302,0.0035503342304934,1.0,0.8637,46
Split conformal prediction,0.8683824565521995,0.2695199721329708,0.0186308863416362,,1.0,46
Calibration-based interval,0.02,0.0051826944898894,0.0038137438951735,0.68,0.3295,46
Fixed-width binning,0.02,0.0038316755761668,0.0037837349109467,1.0,0.3316,46
Simultaneous confidence interval,0.4050665321214747,0.0579253072610818,0.0234211299688397,,1.0,47
PICPI,0.1190877959183673,0.0067817497019783,0.0069425627956311,1.0,0.8686,47
Split conformal prediction,0.8694626742467692,0.2689137276546464,0.0178722160375914,,1.0,47
Calibration-based interval,0.02,0.0102454761701319,0.0075309167817949,0.58,0.323,47
Fixed-width binning,0.02,0.0074325763843953,0.0075097117669825,1.0,0.356,47
Simultaneous confidence interval,0.4048819706564479,0.0660147462648908,0.0374701207600726,,1.0,48
PICPI,0.1178422040816326,0.0091539880461133,0.0089854193597789,1.0,0.7136,48
Split conformal prediction,0.866324990484834,0.2662153128729146,0.0279026533772882,,1.0,48
Calibration-based interval,0.02,0.0132250076313081,0.009502467503927,0.52,0.2556,48
Fixed-width binning,0.02,0.0101097407074336,0.0100834604461511,1.0,0.2686,48
Simultaneous confidence interval,0.4120532120247122,0.0710006571277921,0.0339682841222761,,1.0,49
PICPI,0.1148518367346938,0.006727151046635,0.0053129214854004,1.0,0.7759,49
Split conformal prediction,0.8635405579213111,0.262021765847142,0.0255204878066982,,1.0,49
Calibration-based interval,0.02,0.0090944667899134,0.0061018591887468,0.5,0.2539,49
Fixed-width binning,0.02,0.0065553943334199,0.0065902699647622,1.0,0.2682,49
Simultaneous confidence interval,0.4054761066292752,0.0627262744655718,0.0281767975702446,,1.0,50
PICPI,0.1288746530612245,0.0074290787026093,0.0063767918130098,1.0,0.8535,50
Split conformal prediction,0.8817015226742678,0.2823283660566306,0.0198353129938763,,1.0,50
Calibration-based interval,0.02,0.0073714328168408,0.0060236033706905,0.66,0.3206,50
Fixed-width binning,0.02,0.0071222084253367,0.0071617772236755,1.0,0.3233,50
Simultaneous confidence interval,0.4128172315915657,0.0672602435428803,0.0271706845050661,,1.0,51
PICPI,0.1238135918367347,0.0095885907501408,0.0083600842278872,1.0,0.8612,51
Split conformal prediction,0.8685190759143819,0.2697521565457911,0.0196029675700283,,1.0,51
Calibration-based interval,0.02,0.0083336966830042,0.0084007949641738,0.7,0.3161,51
Fixed-width binning,0.02,0.0095343445920253,0.0095655265452241,1.0,0.3166,51
Simultaneous confidence interval,0.4111668170353189,0.0655740429932543,0.0313151406337251,,1.0,52
PICPI,0.1104038367346939,0.0164133000357853,0.0157319413212265,1.0,0.7761,52
Split conformal prediction,0.878433807881264,0.27745672338826,0.0228998077328622,,1.0,52
Calibration-based interval,0.02,0.0172430364074656,0.0132313823206208,0.38,0.2687,52
Fixed-width binning,0.02,0.0166310022691503,0.016676339158696,1.0,0.2958,52
Simultaneous confidence interval,0.4030541970817323,0.0618739267806738,0.0375273968138703,,1.0,53
PICPI,0.1047066530612245,0.0114467539340722,0.0115347403253674,1.0,0.7257,53
Split conformal prediction,0.8794579723239411,0.2782155386718876,0.027582110595475,,1.0,53
Calibration-based interval,0.02,0.0147364566174993,0.0144234460124843,0.66,0.2641,53
Fixed-width binning,0.02,0.0161819191029923,0.0161503714278066,1.0,0.2613,53
Simultaneous confidence interval,0.4155490337655809,0.0760108150053955,0.0364923050069461,,1.0,54
PICPI,0.1140037959183673,0.0112631449228634,0.0098769576742038,1.0,0.7537,54
Split conformal prediction,0.884138740466967,0.284152789582081,0.0264879617879369,,1.0,54
Calibration-based interval,0.02,0.0108114353649089,0.0101290990176062,0.6,0.2436,54
Fixed-width binning,0.02,0.0102533489794105,0.0102993468092504,1.0,0.2407,54
Simultaneous confidence interval,0.4073186352196845,0.0660717312286311,0.0313521471755513,,1.0,55
PICPI,0.1035922448979592,0.0103395146871867,0.0093220462373682,1.0,0.781,55
Split conformal prediction,0.8702701510584587,0.2705834404091745,0.0230534424611735,,1.0,55
Calibration-based interval,0.02,0.0086392822531701,0.0082444350001796,0.48,0.2797,55
Fixed-width binning,0.02,0.0101956352970532,0.0101941759707446,1.0,0.2912,55
Simultaneous confidence interval,0.4036194242458221,0.0652239339794787,0.023930328886852,,1.0,56
PICPI,0.1195570612244898,0.0085194691824791,0.0075864668435817,1.0,0.8708,56
Split conformal prediction,0.8638350506372925,0.268631033749162,0.0177314044311465,,1.0,56
Calibration-based interval,0.02,0.0082411806192425,0.0082473580092224,0.74,0.3383,56
Fixed-width binning,0.02,0.0094901236049989,0.0094936177440839,1.0,0.3396,56
Simultaneous confidence interval,0.4109833114820693,0.0632770276061353,0.0262769135456491,,1.0,57
PICPI,0.1124018775510204,0.0028293115980083,0.0023372598019886,1.0,0.8423,57
Split conformal prediction,0.8607267383698484,0.2591056843462741,0.0200441434534961,,1.0,57
Calibration-based interval,0.02,0.0042582650638798,0.0025397755146459,0.76,0.3274,57
Fixed-width binning,0.02,0.0029439972584453,0.002879247173478,1.0,0.3345,57
Simultaneous confidence interval,0.4043216950828376,0.063361949040427,0.0294869210815936,,1.0,58
PICPI,0.1060005306122449,0.0076548148456892,0.006474499213094,1.0,0.8061,58
Split conformal prediction,0.8614622439041683,0.2604747614761029,0.0221273805146658,,1.0,58
Calibration-based interval,0.02,0.0068304362017482,0.005990817385585,0.62,0.2934,58
Fixed-width binning,0.02,0.007466561167356,0.0073935672381147,1.0,0.3073,58
Simultaneous confidence interval,0.4032338743762065,0.0602420793384745,0.0390251825956592,,1.0,59
PICPI,0.1374694693877551,0.0225961786509304,0.0240037394918683,1.0,0.7763,59
Split conformal prediction,0.8736398679129612,0.2695965015568919,0.0300904928405231,,1.0,59
Calibration-based interval,0.02,0.0264624118454555,0.0257941417131528,0.62,0.2362,59
Fixed-width binning,0.02,0.0271745259209058,0.0271388949977815,1.0,0.2452,59
Simultaneous confidence interval,0.4056249098850863,0.0701020048659543,0.0381841196557971,,1.0,60
PICPI,0.1019650612244898,0.0136774294509991,0.0127184538668855,1.0,0.6987,60
Split conformal prediction,0.8627060315596402,0.2633709941732408,0.0283470430240424,,1.0,60
Calibration-based interval,0.02,0.0124221268370764,0.0101044876954,0.46,0.2468,60
Fixed-width binning,0.02,0.0127158591225408,0.0125941743604702,1.0,0.2593,60
Simultaneous confidence interval,0.3950134749919342,0.0530720730639718,0.0263811209337379,,1.0,61
PICPI,0.1185198367346939,0.0143908556618269,0.014782312146671,1.0,0.8482,61
Split conformal prediction,0.854393621840793,0.2584771037287365,0.0217397605922279,,1.0,61
Calibration-based interval,0.0199999999999999,0.0176159038244401,0.0158701579381702,0.68,0.3022,61
Fixed-width binning,0.02,0.0141179384812373,0.0142867121095674,1.0,0.3141,61
Simultaneous confidence interval,0.4164447268421851,0.0729802165523577,0.0344011481096632,,1.0,62
PICPI,0.1141057551020408,0.0091339287920535,0.0078009658796931,1.0,0.7673,62
Split conformal prediction,0.8692929393084529,0.26737444869021,0.026104881037207,,1.0,62
Calibration-based interval,0.02,0.0077029559808783,0.006804035968464,0.68,0.263,62
Fixed-width binning,0.02,0.0080935848118987,0.0080429119981721,1.0,0.2637,62
Simultaneous confidence interval,0.3992049919481825,0.0613085564848706,0.028335014222476,,1.0,63
PICPI,0.1053212244897959,0.005624736940526,0.0052739785587641,1.0,0.8043,63
Split conformal prediction,0.841283914639071,0.2453042426642674,0.022539674823982,,1.0,63
Calibration-based interval,0.0199999999999999,0.008809520639365,0.0061645391244152,0.66,0.3181,63
Fixed-width binning,0.02,0.0065298976835951,0.0065762217228089,1.0,0.3221,63
Simultaneous confidence interval,0.4200847180824968,0.0741660845886491,0.0375522871367575,,1.0,64
PICPI,0.1258931428571429,0.0091593555614072,0.0072193584009978,1.0,0.7594,64
Split conformal prediction,0.870779788658832,0.2683106793149236,0.0276143550954896,,1.0,64
Calibration-based interval,0.0199999999999999,0.0084236636949582,0.0065121295163493,0.66,0.2351,64
Fixed-width binning,0.02,0.0065899700721991,0.0066487487607849,1.0,0.2477,64
Simultaneous confidence interval,0.39958884564149,0.0529603017586576,0.0235053478694585,,1.0,65
PICPI,0.1017751020408163,0.0131301756598093,0.0138809508716348,1.0,0.8633,65
Split conformal prediction,0.8720864863102774,0.2723053808210635,0.018805074020739,,1.0,65
Calibration-based interval,0.02,0.0153731289946525,0.0140310469668856,0.66,0.3241,65
Fixed-width binning,0.02,0.0140770128371979,0.0140775927203579,1.0,0.3305,65
Simultaneous confidence interval,0.4050864289208223,0.063816620267561,0.0304868393460645,,1.0,66
PICPI,0.1155735918367347,0.0087803851275023,0.0075252910919116,1.0,0.7869,66
Split conformal prediction,0.8739717777622429,0.2749857362568207,0.0221450088588783,,1.0,66
Calibration-based interval,0.0199999999999999,0.0111947224618089,0.0065734948852466,0.44,0.2747,66
Fixed-width binning,0.02,0.0071892823255387,0.0073044587450675,1.0,0.3068,66
Simultaneous confidence interval,0.4140120826891518,0.0755254499654963,0.0349073413177518,,1.0,67
PICPI,0.1054772244897959,0.0161857263262874,0.014884752627483,1.0,0.7435,67
Split conformal prediction,0.8697972291676762,0.2684057027910633,0.0269763479204227,,1.0,67
Calibration-based interval,0.02,0.0197982225319642,0.0169445976023737,0.44,0.2168,67
Fixed-width binning,0.02,0.0166938242998584,0.0167159963557648,1.0,0.2396,67
Simultaneous confidence interval,0.4009235406329532,0.0601777040985758,0.0313220587614273,,1.0,68
PICPI,0.1116568163265306,0.0117539807459502,0.0113698755204002,1.0,0.7954,68
Split conformal prediction,0.8754408995563036,0.2741006152785918,0.0234486434063865,,1.0,68
Calibration-based interval,0.02,0.0126521514524888,0.0109147115301608,0.58,0.2844,68
Fixed-width binning,0.02,0.0126631891088719,0.0127474567207312,1.0,0.2944,68
Simultaneous confidence interval,0.4133292470835457,0.0717108107486567,0.0425754428802925,,1.0,69
PICPI,0.1205888979591837,0.013878497865286,0.0131426800634686,1.0,0.6946,69
Split conformal prediction,0.8834588850269547,0.2778297119307816,0.0304902523446535,,1.0,69
Calibration-based interval,0.0199999999999999,0.012572362090646,0.0121921946587274,0.52,0.2331,69
Fixed-width binning,0.02,0.0144615514626004,0.0144331377690571,1.0,0.2392,69
Simultaneous confidence interval,0.402693409367592,0.0581178278354817,0.0249039678604614,,1.0,70
PICPI,0.1262593469387755,0.0111157353254388,0.0108970176380536,1.0,0.8817,70
Split conformal prediction,0.8586374881573232,0.2608540652371008,0.0193393899245352,,1.0,70
Calibration-based interval,0.02,0.012479555294415,0.0112697392033962,0.62,0.3289,70
Fixed-width binning,0.02,0.012449340888305,0.0124707707947505,1.0,0.337,70
Simultaneous confidence interval,0.4111103427875485,0.0650754920373734,0.0195309675471465,,1.0,71
PICPI,0.1118371836734694,0.0042734807949871,0.0024961599038365,1.0,0.8899,71
Split conformal prediction,0.8647044259925915,0.2680365107912192,0.0148244597372931,,1.0,71
Calibration-based interval,0.02,0.0064036662061096,0.0029326406265821,0.6,0.3763,71
Fixed-width binning,0.02,0.003256044562541,0.0032780661653969,1.0,0.3909,71
Simultaneous confidence interval,0.4055552999169924,0.0635880163544859,0.0206525113166456,,1.0,72
PICPI,0.1114915918367347,0.0037306188181522,0.0020465887889295,1.0,0.897,72
Split conformal prediction,0.891701968661297,0.2949053584262562,0.0143428757297676,,1.0,72
Calibration-based interval,0.02,0.0039860567765693,0.0025438884362747,0.82,0.3753,72
Fixed-width binning,0.02,0.0027720519462683,0.0026340653950232,1.0,0.3808,72
Simultaneous confidence interval,0.4063673609956422,0.0625008201472052,0.026299800016473,,1.0,73
PICPI,0.1070768571428571,0.0098234115851498,0.0087878698179431,1.0,0.8339,73
Split conformal prediction,0.8684543444782028,0.2676445162531266,0.01991935126821,,1.0,73
Calibration-based interval,0.02,0.0102059587476597,0.0081472603269017,0.54,0.3061,73
Fixed-width binning,0.02,0.0096286340686387,0.0096567014840528,1.0,0.3303,73
Simultaneous confidence interval,0.3979341521937102,0.0549521184837686,0.0318513140671289,,1.0,74
PICPI,0.1201516326530612,0.017838355032612,0.0189628314673179,1.0,0.8008,74
Split conformal prediction,0.867378702764475,0.2660118368824688,0.0255107415185738,,1.0,74
Calibration-based interval,0.0199999999999999,0.01982737511473,0.0194081215997604,0.7,0.2714,74
Fixed-width binning,0.02,0.0210029314847573,0.0210082433038807,1.0,0.2751,74
Simultaneous confidence interval,0.4012854624008945,0.0617980958975358,0.0295137875299687,,1.0,75
PICPI,0.1073804489795918,0.0054955126980188,0.0055908506670724,1.0,0.8017,75
Split conformal prediction,0.865234522192409,0.2673207331733387,0.0219972911116742,,1.0,75
Calibration-based interval,0.02,0.0073651747220325,0.0057086138850715,0.64,0.2909,75
Fixed-width binning,0.02,0.0061694151687473,0.0062287033956717,1.0,0.3072,75
Simultaneous confidence interval,0.4153652995104246,0.0718768178801726,0.0315926248145989,,1.0,76
PICPI,0.1137926122448979,0.0089244089380874,0.0077082740371851,1.0,0.7957,76
Split conformal prediction,0.8730055804337801,0.2712772749405617,0.0239907238375223,,1.0,76
Calibration-based interval,0.02,0.0125804100415405,0.0077770890688502,0.44,0.2499,76
Fixed-width binning,0.02,0.0087951972271386,0.0087428979302124,1.0,0.2704,76
Simultaneous confidence interval,0.4085977815157395,0.0667045872135591,0.0379539331483656,,1.0,77
PICPI,0.1242395102040816,0.0118714763155556,0.0113711094876592,1.0,0.7581,77
Split conformal prediction,0.8675842581826366,0.2664986198824277,0.0285284114494064,,1.0,77
Calibration-based interval,0.02,0.0118716276515529,0.0111534460301168,0.7,0.2529,77
Fixed-width binning,0.02,0.0125643434388519,0.0125304436461026,1.0,0.2608,77
Simultaneous confidence interval,0.402462516492268,0.062117253868321,0.0330841185709998,,1.0,78
PICPI,0.106476081632653,0.0086012082371109,0.0086395667283076,1.0,0.7553,78
Split conformal prediction,0.8787376907827342,0.280661018638669,0.024149728984334,,1.0,78
Calibration-based interval,0.02,0.0105456629771573,0.0090262228527599,0.58,0.2765,78
Fixed-width binning,0.02,0.0096946457423413,0.0097497120333516,1.0,0.2816,78
Simultaneous confidence interval,0.4113162406498993,0.0683707853634592,0.0336788579745995,,1.0,79
PICPI,0.1201131836734694,0.0043941923209257,0.0030424632379126,1.0,0.7861,79
Split conformal prediction,0.8760581107872963,0.274716034676604,0.0244690210210562,,1.0,79
Calibration-based interval,0.02,0.0049245763729604,0.0034757583952197,0.7,0.2786,79
Fixed-width binning,0.02,0.0040282970335159,0.004042245037691,1.0,0.2811,79
Simultaneous confidence interval,0.402820825921421,0.0679078558904629,0.0402144120884513,,1.0,80
PICPI,0.1131228163265306,0.0076744258693839,0.0073436159322903,1.0,0.7153,80
Split conformal prediction,0.8818366358977241,0.2803225381358997,0.0285576095797356,,1.0,80
Calibration-based interval,0.02,0.0089440708652256,0.0076855141255171,0.7,0.2474,80
Fixed-width binning,0.02,0.009778898697197,0.0098375777629721,1.0,0.2498,80
Simultaneous confidence interval,0.4058203198198237,0.0603168407461598,0.0269647158620068,,1.0,81
PICPI,0.1227754285714285,0.0079447219830869,0.0080022750529113,1.0,0.8503,81
Split conformal prediction,0.8790154257208589,0.278930410478077,0.0193355707592032,,1.0,81
Calibration-based interval,0.02,0.0096422638894537,0.0088652881111168,0.68,0.3212,81
Fixed-width binning,0.02,0.009328529818041,0.0093608408883638,1.0,0.3255,81
Simultaneous confidence interval,0.4071430142697305,0.0635435010653956,0.0260393181083983,,1.0,82
PICPI,0.097336693877551,0.0033436580110486,0.0028395244061854,1.0,0.8065,82
Split conformal prediction,0.8679177163928969,0.2696151387608085,0.0191069622081226,,1.0,82
Calibration-based interval,0.02,0.0068956605783474,0.0028868340107701,0.66,0.3185,82
Fixed-width binning,0.02,0.003347651882082,0.0033295616781084,1.0,0.3326,82
Simultaneous confidence interval,0.4060778127379261,0.060043478232344,0.0385714966310428,,1.0,83
PICPI,0.108888,0.0184993827931278,0.0186331915199194,1.0,0.7265,83
Split conformal prediction,0.8658844938196751,0.264583739716451,0.0302739117377076,,1.0,83
Calibration-based interval,0.02,0.0185767504897957,0.0177671162044655,0.68,0.242,83
Fixed-width binning,0.02,0.0200670967739702,0.0200343930926036,1.0,0.2467,83
Simultaneous confidence interval,0.4112171964766895,0.0669453317119407,0.0282321536484402,,1.0,84
PICPI,0.1037642448979592,0.0025691048688099,0.0014602571287819,1.0,0.8052,84
Split conformal prediction,0.8725121735547283,0.2723609241403509,0.0208888820102839,,1.0,84
Calibration-based interval,0.0199999999999999,0.0057876217370929,0.001888002576882,0.64,0.2969,84
Fixed-width binning,0.02,0.0021002125407089,0.0020371915979322,1.0,0.3119,84
Simultaneous confidence interval,0.3955426482455087,0.0539357162749513,0.0285770624490784,,1.0,85
PICPI,0.1168649795918367,0.0116701817508136,0.0128803021687459,1.0,0.8248,85
Split conformal prediction,0.8703387465619326,0.2722401817188111,0.0223836267709204,,1.0,85
Calibration-based interval,0.02,0.0183888513729632,0.0154919563547028,0.5,0.2629,85
Fixed-width binning,0.02,0.0161465478893548,0.0162053071601314,1.0,0.2939,85
Simultaneous confidence interval,0.4015672445548526,0.0651465872231486,0.0319334652623214,,1.0,86
PICPI,0.0975645714285714,0.0061195518768186,0.0049711161587888,1.0,0.7485,86
Split conformal prediction,0.8661139683129503,0.2666242108568363,0.0235979216822374,,1.0,86
Calibration-based interval,0.02,0.0099445924663412,0.003788950497147,0.48,0.2503,86
Fixed-width binning,0.02,0.0046869703075803,0.0047015053868411,1.0,0.2947,86
Simultaneous confidence interval,0.4056387073784894,0.060944600241627,0.0332015870051387,,1.0,87
PICPI,0.1056150612244898,0.0103513036715158,0.0106407743714695,1.0,0.7691,87
Split conformal prediction,0.8644940309649861,0.2643332276506685,0.0254505926508622,,1.0,87
Calibration-based interval,0.02,0.0133773101590347,0.0105908928731104,0.54,0.2689,87
Fixed-width binning,0.02,0.0105382891391084,0.010573406489988,1.0,0.2815,87
Simultaneous confidence interval,0.4030682635217659,0.0587878704379744,0.0305612936248307,,1.0,88
PICPI,0.1097109387755102,0.012813112720273,0.0128129648435198,1.0,0.8093,88
Split conformal prediction,0.8787969842075938,0.2792638017139187,0.022589585227012,,1.0,88
Calibration-based interval,0.0199999999999999,0.0146817839363616,0.0132530343309965,0.58,0.2866,88
Fixed-width binning,0.02,0.0139091350941941,0.0139977401730941,1.0,0.2964,88
Simultaneous confidence interval,0.4058329714331928,0.067229730076763,0.04049255543495,,1.0,89
PICPI,0.1117475510204081,0.0074223831816507,0.0069230053352884,1.0,0.7228,89
Split conformal prediction,0.8670403479092654,0.2630960855471848,0.0300876196251084,,1.0,89
Calibration-based interval,0.02,0.0113500618697283,0.0077736246408891,0.58,0.2384,89
Fixed-width binning,0.02,0.0081577400029908,0.0081732874526198,1.0,0.2491,89
Simultaneous confidence interval,0.4079379107560362,0.0666688898993614,0.0316370309553985,,1.0,90
PICPI,0.112380693877551,0.0051790101996476,0.0046261287697126,1.0,0.7918,90
Split conformal prediction,0.8850731748989176,0.2857026968063688,0.0224655388340987,,1.0,90
Calibration-based interval,0.0199999999999999,0.0059514562248712,0.0050426936134257,0.66,0.2916,90
Fixed-width binning,0.02,0.0057324942844027,0.0057419512779376,1.0,0.2905,90
Simultaneous confidence interval,0.4041500967687588,0.0618741560331821,0.0300306027730123,,1.0,91
PICPI,0.1151560408163265,0.0085539067348513,0.0087427607563578,1.0,0.8046,91
Split conformal prediction,0.8762071020332011,0.2795944559543538,0.0221639220587539,,1.0,91
Calibration-based interval,0.02,0.0095088272587497,0.0084218035343012,0.72,0.299,91
Fixed-width binning,0.02,0.0083681320366239,0.0084632226449309,1.0,0.3054,91
Simultaneous confidence interval,0.4122411810319046,0.069402789699645,0.0308189063397401,,1.0,92
PICPI,0.135853306122449,0.0060579566851521,0.0037267823633064,1.0,0.8301,92
Split conformal prediction,0.8588858034897883,0.2594384013194306,0.023171277476127,,1.0,92
Calibration-based interval,0.02,0.005147963472767,0.0035961220025698,0.64,0.2895,92
Fixed-width binning,0.02,0.0044847495792873,0.0043761481898111,1.0,0.2921,92
Simultaneous confidence interval,0.3991482689007322,0.0627836428273007,0.0376376413243885,,1.0,93
PICPI,0.1176662857142857,0.0083682936954316,0.0087230585268893,1.0,0.7399,93
Split conformal prediction,0.87680926955028,0.2768114358174745,0.0273742638091623,,1.0,93
Calibration-based interval,0.02,0.009707933783687,0.0096233655700532,0.84,0.2629,93
Fixed-width binning,0.02,0.0101004954438296,0.0101964433860233,1.0,0.2625,93
Simultaneous confidence interval,0.4035228406157994,0.0683168460869799,0.0367749700956004,,1.0,94
PICPI,0.1095242040816326,0.0046492855108464,0.0041639045492091,1.0,0.7492,94
Split conformal prediction,0.8768461498700652,0.2757244791575368,0.0266276177274051,,1.0,94
Calibration-based interval,0.02,0.0064420904861395,0.0043516807245279,0.68,0.2579,94
Fixed-width binning,0.02,0.0052851749324556,0.0052334211311395,1.0,0.2603,94
Simultaneous confidence interval,0.4093200852782848,0.0631749704684472,0.0235371088356435,,1.0,95
PICPI,0.1112215510204081,0.0090410796029457,0.0079691232372113,1.0,0.8547,95
Split conformal prediction,0.8786918322805694,0.2812128687034028,0.0168799110887376,,1.0,95
Calibration-based interval,0.0199999999999999,0.0108653847382936,0.0078897621344973,0.62,0.331,95
Fixed-width binning,0.02,0.0082811526803618,0.0082723240018372,1.0,0.3562,95
Simultaneous confidence interval,0.4038293270374693,0.0567928043664513,0.0299745159277892,,1.0,96
PICPI,0.1192806122448979,0.0112999974758104,0.0120547637440681,1.0,0.8265,96
Split conformal prediction,0.8768840290768396,0.2768740766877168,0.0228514254153343,,1.0,96
Calibration-based interval,0.02,0.0140125741712404,0.0127974858433115,0.6,0.2789,96
Fixed-width binning,0.02,0.0127305169074918,0.012724960945502,1.0,0.2917,96
Simultaneous confidence interval,0.3965075979229723,0.0599097973205377,0.0347192926971451,,1.0,97
PICPI,0.0979805714285714,0.0118311555907286,0.0122707746777301,1.0,0.7369,97
Split conformal prediction,0.8674705167350423,0.2692491491071016,0.0260751386863521,,1.0,97
Calibration-based interval,0.0199999999999999,0.0161726478033706,0.0124514647376573,0.4,0.2445,97
Fixed-width binning,0.02,0.0127982715503518,0.0128555734487722,1.0,0.2767,97
Simultaneous confidence interval,0.4094156864465955,0.0661326997647354,0.0314855594860721,,1.0,98
PICPI,0.114932081632653,0.0033444895663204,0.0028256272397405,1.0,0.7752,98
Split conformal prediction,0.8901926788969822,0.2890361807889202,0.0217275529221002,,1.0,98
Calibration-based interval,0.0199999999999999,0.0065816303144393,0.0030159355703983,0.5,0.281,98
Fixed-width binning,0.02,0.0039628245631765,0.0040195614661199,1.0,0.2951,98
Simultaneous confidence interval,0.4030956985045844,0.0622607523206893,0.0397019460870393,,1.0,99
PICPI,0.1109127346938775,0.0219608001841705,0.0227235422846447,1.0,0.7314,99
Split conformal prediction,0.869633762548296,0.2674945069869201,0.030317740473842,,1.0,99
Calibration-based interval,0.02,0.0235048270679872,0.0236982808118085,0.74,0.2444,99
Fixed-width binning,0.02,0.0259448113484359,0.0259740563216883,1.0,0.2452,99
