n_calib,width_mean,width_median,width_q90,width_q95,coverage,n_raw_intervals,n_intervals,rate_term,rep
1000,0.7044130000000001,0.69,0.77,0.79,1.0,413,413,0.19044912476405548,0
1000,0.70804,0.7000000000000001,0.77,0.79,1.0,411,411,0.19044912476405548,1
1000,0.729066,0.72,0.79,0.81,1.0,343,343,0.19044912476405548,2
1000,0.697305,0.6900000000000001,0.74,0.75,1.0,457,457,0.19044912476405548,3
1000,0.729421,0.71,0.79,0.79,1.0,359,359,0.19044912476405548,4
1000,0.6978460000000001,0.6799999999999999,0.75,0.77,1.0,457,457,0.19044912476405548,5
1000,0.703126,0.6900000000000001,0.77,0.77,1.0,418,418,0.19044912476405548,6
1000,0.695643,0.68,0.76,0.77,1.0,445,445,0.19044912476405548,7
1000,0.7089280000000001,0.6900000000000001,0.76,0.77,1.0,421,421,0.19044912476405548,8
1000,0.695449,0.6799999999999999,0.74,0.76,1.0,461,461,0.19044912476405548,9
1000,0.700783,0.6900000000000001,0.75,0.76,1.0,450,450,0.19044912476405548,10
1000,0.699307,0.7,0.73,0.75,1.0,463,463,0.19044912476405548,11
1000,0.7033240000000001,0.69,0.77,0.78,1.0,424,424,0.19044912476405548,12
1000,0.710161,0.7000000000000001,0.76,0.76,1.0,402,402,0.19044912476405548,13
1000,0.713307,0.7000000000000001,0.76,0.78,1.0,405,405,0.19044912476405548,14
1000,0.6889210000000001,0.69,0.73,0.73,1.0,470,470,0.19044912476405548,15
1000,0.71689,0.7000000000000001,0.79,0.79,1.0,383,383,0.19044912476405548,16
1000,0.689342,0.6799999999999999,0.73,0.74,1.0,482,482,0.19044912476405548,17
1000,0.700013,0.69,0.74,0.75,1.0,461,461,0.19044912476405548,18
1000,0.705553,0.7,0.77,0.79,1.0,412,412,0.19044912476405548,19
1000,0.708677,0.7000000000000001,0.78,0.8,1.0,398,398,0.19044912476405548,20
1000,0.7141350000000001,0.71,0.77,0.78,1.0,392,392,0.19044912476405548,21
1000,0.7003459999999999,0.6799999999999999,0.75,0.76,1.0,448,448,0.19044912476405548,22
1000,0.702046,0.7,0.75,0.75,1.0,432,432,0.19044912476405548,23
1000,0.726217,0.7100000000000001,0.77,0.78,1.0,372,372,0.19044912476405548,24
1000,0.713824,0.6900000000000001,0.76,0.78,1.0,407,407,0.19044912476405548,25
1000,0.7149739999999999,0.7000000000000001,0.77,0.77,1.0,393,393,0.19044912476405548,26
1000,0.704484,0.7,0.77,0.78,1.0,421,421,0.19044912476405548,27
1000,0.6975770000000001,0.68,0.74,0.75,1.0,465,465,0.19044912476405548,28
1000,0.7070789999999999,0.6900000000000001,0.78,0.78,1.0,416,416,0.19044912476405548,29
1000,0.692823,0.6799999999999999,0.73,0.74,1.0,487,487,0.19044912476405548,30
1000,0.7125700000000001,0.7000000000000001,0.78,0.79,1.0,381,381,0.19044912476405548,31
1000,0.7107950000000001,0.7,0.77,0.77,1.0,420,420,0.19044912476405548,32
1000,0.7160700000000001,0.7,0.7899999999999999,0.8,1.0,373,373,0.19044912476405548,33
1000,0.7069500000000001,0.7,0.74,0.77,1.0,427,427,0.19044912476405548,34
1000,0.7016629999999999,0.6900000000000001,0.75,0.76,1.0,435,435,0.19044912476405548,35
1000,0.707534,0.7,0.77,0.79,1.0,411,411,0.19044912476405548,36
1000,0.699535,0.6900000000000001,0.75,0.77,1.0,449,449,0.19044912476405548,37
1000,0.707557,0.71,0.75,0.75,1.0,424,424,0.19044912476405548,38
1000,0.7032809999999999,0.6799999999999999,0.78,0.79,1.0,419,419,0.19044912476405548,39
1000,0.695655,0.6799999999999999,0.77,0.78,1.0,448,448,0.19044912476405548,40
1000,0.7100359999999999,0.69,0.7899999999999999,0.8,1.0,371,371,0.19044912476405548,41
1000,0.724815,0.7100000000000001,0.7899999999999999,0.8,1.0,357,357,0.19044912476405548,42
1000,0.7006330000000001,0.7,0.74,0.75,1.0,449,449,0.19044912476405548,43
1000,0.714377,0.7000000000000001,0.77,0.77,1.0,391,391,0.19044912476405548,44
1000,0.7090270000000001,0.7000000000000001,0.75,0.76,1.0,422,422,0.19044912476405548,45
1000,0.6957639999999999,0.68,0.76,0.76,1.0,461,461,0.19044912476405548,46
1000,0.681438,0.66,0.77,0.78,1.0,446,446,0.19044912476405548,47
1000,0.709925,0.7,0.76,0.77,1.0,417,417,0.19044912476405548,48
1000,0.7254,0.7100000000000001,0.79,0.8,1.0,359,359,0.19044912476405548,49
1000,0.7015469999999999,0.69,0.77,0.77,1.0,420,420,0.19044912476405548,50
1000,0.714825,0.7000000000000001,0.77,0.78,1.0,402,402,0.19044912476405548,51
1000,0.690149,0.6699999999999999,0.75,0.77,1.0,462,462,0.19044912476405548,52
1000,0.7294299999999999,0.72,0.77,0.8,1.0,361,361,0.19044912476405548,53
1000,0.701118,0.69,0.75,0.76,1.0,425,425,0.19044912476405548,54
1000,0.7052869999999999,0.6900000000000001,0.75,0.76,1.0,443,443,0.19044912476405548,55
1000,0.7010360000000001,0.6799999999999999,0.76,0.78,1.0,447,447,0.19044912476405548,56
1000,0.7009059999999999,0.6900000000000001,0.75,0.75,1.0,443,443,0.19044912476405548,57
1000,0.683072,0.6699999999999999,0.73,0.73,1.0,496,496,0.19044912476405548,58
1000,0.6974120000000001,0.68,0.77,0.77,1.0,423,423,0.19044912476405548,59
1000,0.723368,0.71,0.79,0.79,1.0,370,370,0.19044912476405548,60
1000,0.6840080000000001,0.6699999999999999,0.74,0.76,1.0,477,477,0.19044912476405548,61
1000,0.7177610000000001,0.71,0.77,0.79,1.0,385,385,0.19044912476405548,62
1000,0.705852,0.7,0.75,0.76,1.0,421,421,0.19044912476405548,63
1000,0.692887,0.68,0.73,0.73,1.0,480,480,0.19044912476405548,64
1000,0.7123010000000002,0.7,0.79,0.79,1.0,406,406,0.19044912476405548,65
1000,0.698342,0.68,0.74,0.76,1.0,457,457,0.19044912476405548,66
1000,0.7064290000000001,0.6900000000000001,0.78,0.79,1.0,411,411,0.19044912476405548,67
1000,0.7108140000000002,0.7,0.76,0.76,1.0,413,413,0.19044912476405548,68
1000,0.722514,0.71,0.78,0.78,1.0,375,375,0.19044912476405548,69
1000,0.723908,0.7100000000000001,0.78,0.79,1.0,371,371,0.19044912476405548,70
1000,0.713435,0.71,0.76,0.78,1.0,401,401,0.19044912476405548,71
1000,0.700084,0.69,0.76,0.78,1.0,448,448,0.19044912476405548,72
1000,0.710169,0.69,0.77,0.78,1.0,397,397,0.19044912476405548,73
1000,0.6979850000000001,0.6799999999999999,0.74,0.75,1.0,462,462,0.19044912476405548,74
1000,0.701233,0.6900000000000001,0.75,0.76,1.0,446,446,0.19044912476405548,75
1000,0.7062620000000001,0.7,0.77,0.77,1.0,412,412,0.19044912476405548,76
1000,0.718448,0.71,0.77,0.78,1.0,390,390,0.19044912476405548,77
1000,0.70673,0.69,0.7899999999999999,0.8,1.0,405,405,0.19044912476405548,78
1000,0.7051430000000001,0.68,0.78,0.79,1.0,408,408,0.19044912476405548,79
1000,0.706264,0.7,0.75,0.75,1.0,438,438,0.19044912476405548,80
1000,0.6878939999999999,0.68,0.72,0.72,1.0,486,486,0.19044912476405548,81
1000,0.707775,0.69,0.76,0.77,1.0,418,418,0.19044912476405548,82
1000,0.7015049999999999,0.68,0.7899999999999999,0.8,1.0,407,407,0.19044912476405548,83
1000,0.7101900000000001,0.7,0.78,0.79,1.0,412,412,0.19044912476405548,84
1000,0.708707,0.7000000000000001,0.76,0.77,1.0,410,410,0.19044912476405548,85
1000,0.724483,0.7100000000000001,0.78,0.79,1.0,367,367,0.19044912476405548,86
1000,0.710775,0.7,0.76,0.77,1.0,409,409,0.19044912476405548,87
1000,0.7061270000000001,0.6799999999999999,0.7899999999999999,0.8099999999999999,1.0,400,400,0.19044912476405548,88
1000,0.7027760000000001,0.7,0.75,0.76,1.0,431,431,0.19044912476405548,89
1000,0.709235,0.685,0.76,0.78,1.0,393,393,0.19044912476405548,90
1000,0.7010500000000001,0.68,0.75,0.76,1.0,454,454,0.19044912476405548,91
1000,0.6952949999999999,0.69,0.73,0.74,1.0,475,475,0.19044912476405548,92
1000,0.7131460000000002,0.7,0.76,0.76,1.0,423,423,0.19044912476405548,93
1000,0.6961050000000001,0.69,0.75,0.76,1.0,454,454,0.19044912476405548,94
1000,0.699225,0.68,0.78,0.78,1.0,416,416,0.19044912476405548,95
1000,0.7096780000000001,0.71,0.75,0.76,1.0,410,410,0.19044912476405548,96
1000,0.7139500000000001,0.6900000000000001,0.78,0.79,1.0,380,380,0.19044912476405548,97
1000,0.707131,0.6900000000000001,0.76,0.76,1.0,439,439,0.19044912476405548,98
1000,0.7097420000000001,0.7,0.78,0.79,1.0,406,406,0.19044912476405548,99
3000,0.512561,0.51,0.54,0.54,1.0,1215,1215,0.13870903698649753,0
3000,0.49272999999999995,0.48,0.53,0.53,1.0,1249,1249,0.13870903698649753,1
3000,0.5123139999999999,0.51,0.54,0.54,1.0,1218,1218,0.13870903698649753,2
3000,0.515785,0.53,0.53,0.53,1.0,1179,1179,0.13870903698649753,3
3000,0.5159870000000001,0.52,0.5499999999999999,0.55,1.0,1206,1206,0.13870903698649753,4
3000,0.50332,0.5,0.5499999999999999,0.55,1.0,1279,1279,0.13870903698649753,5
3000,0.5013350000000001,0.5,0.53,0.53,1.0,1295,1295,0.13870903698649753,6
3000,0.4949400000000001,0.49000000000000005,0.52,0.52,1.0,1295,1295,0.13870903698649753,7
3000,0.5076309999999999,0.51,0.52,0.52,1.0,1242,1242,0.13870903698649753,8
3000,0.523077,0.52,0.5700000000000001,0.5700000000000001,1.0,1178,1178,0.13870903698649753,9
3000,0.514437,0.52,0.53,0.53,1.0,1192,1192,0.13870903698649753,10
3000,0.5054790000000001,0.52,0.53,0.53,1.0,1226,1226,0.13870903698649753,11
3000,0.485037,0.48,0.5,0.5,1.0,1280,1280,0.13870903698649753,12
3000,0.48725599999999997,0.48000000000000004,0.51,0.51,1.0,1357,1357,0.13870903698649753,13
3000,0.526528,0.54,0.5599999999999999,0.56,1.0,1158,1158,0.13870903698649753,14
3000,0.51079,0.5,0.5499999999999999,0.55,1.0,1239,1239,0.13870903698649753,15
3000,0.509985,0.5,0.55,0.55,1.0,1214,1214,0.13870903698649753,16
3000,0.513224,0.51,0.55,0.55,1.0,1229,1229,0.13870903698649753,17
3000,0.5240370000000001,0.54,0.55,0.55,1.0,1127,1127,0.13870903698649753,18
3000,0.50056,0.51,0.52,0.52,1.0,1269,1269,0.13870903698649753,19
3000,0.480167,0.47,0.51,0.51,1.0,1369,1369,0.13870903698649753,20
3000,0.5142950000000001,0.52,0.54,0.54,1.0,1220,1220,0.13870903698649753,21
3000,0.5164120000000001,0.52,0.55,0.55,1.0,1196,1196,0.13870903698649753,22
3000,0.5140610000000001,0.52,0.54,0.54,1.0,1207,1207,0.13870903698649753,23
3000,0.495133,0.49999999999999994,0.51,0.51,1.0,1328,1328,0.13870903698649753,24
3000,0.5094650000000001,0.51,0.56,0.56,1.0,1225,1225,0.13870903698649753,25
3000,0.5058720000000001,0.51,0.53,0.53,1.0,1256,1256,0.13870903698649753,26
3000,0.4882860000000001,0.49,0.51,0.51,1.0,1341,1341,0.13870903698649753,27
3000,0.496742,0.5,0.52,0.52,1.0,1307,1307,0.13870903698649753,28
3000,0.488249,0.49000000000000005,0.5,0.51,1.0,1330,1330,0.13870903698649753,29
3000,0.5228210000000001,0.53,0.56,0.56,1.0,1163,1163,0.13870903698649753,30
3000,0.4890110000000001,0.48,0.51,0.52,1.0,1338,1338,0.13870903698649753,31
3000,0.495771,0.49000000000000005,0.53,0.53,1.0,1316,1316,0.13870903698649753,32
3000,0.5135980000000001,0.52,0.53,0.54,1.0,1196,1196,0.13870903698649753,33
3000,0.5071700000000001,0.5,0.55,0.55,1.0,1226,1226,0.13870903698649753,34
3000,0.511936,0.5,0.55,0.55,1.0,1226,1226,0.13870903698649753,35
3000,0.518547,0.53,0.5499999999999999,0.55,1.0,1212,1212,0.13870903698649753,36
3000,0.5148680000000001,0.53,0.53,0.53,1.0,1197,1197,0.13870903698649753,37
3000,0.516308,0.52,0.55,0.55,1.0,1211,1211,0.13870903698649753,38
3000,0.50264,0.51,0.54,0.54,1.0,1263,1263,0.13870903698649753,39
3000,0.49545,0.49,0.53,0.53,1.0,1316,1316,0.13870903698649753,40
3000,0.500887,0.49999999999999994,0.52,0.52,1.0,1277,1277,0.13870903698649753,41
3000,0.510265,0.52,0.52,0.52,1.0,1209,1209,0.13870903698649753,42
3000,0.491591,0.49,0.52,0.52,1.0,1249,1249,0.13870903698649753,43
3000,0.4884830000000001,0.49,0.5,0.5,1.0,1296,1296,0.13870903698649753,44
3000,0.49625499999999995,0.49,0.51,0.51,1.0,1292,1292,0.13870903698649753,45
3000,0.5074770000000001,0.5,0.5499999999999999,0.55,1.0,1251,1251,0.13870903698649753,46
3000,0.49801000000000006,0.51,0.51,0.51,1.0,1206,1206,0.13870903698649753,47
3000,0.519918,0.52,0.5599999999999999,0.56,1.0,1194,1194,0.13870903698649753,48
3000,0.48895,0.49,0.5,0.5,1.0,1282,1282,0.13870903698649753,49
3000,0.517407,0.52,0.56,0.56,1.0,1194,1194,0.13870903698649753,50
3000,0.504676,0.51,0.53,0.53,1.0,1259,1259,0.13870903698649753,51
3000,0.5074510000000001,0.51,0.54,0.55,1.0,1245,1245,0.13870903698649753,52
3000,0.5043980000000001,0.5,0.5499999999999999,0.55,1.0,1263,1263,0.13870903698649753,53
3000,0.501993,0.5,0.53,0.53,1.0,1271,1271,0.13870903698649753,54
3000,0.51244,0.51,0.54,0.54,1.0,1207,1207,0.13870903698649753,55
3000,0.5149090000000001,0.53,0.54,0.54,1.0,1194,1194,0.13870903698649753,56
3000,0.5080620000000001,0.51,0.54,0.54,1.0,1253,1253,0.13870903698649753,57
3000,0.5067670000000001,0.49,0.5499999999999999,0.5700000000000001,1.0,1213,1213,0.13870903698649753,58
3000,0.506035,0.51,0.53,0.53,1.0,1247,1247,0.13870903698649753,59
3000,0.5235690000000001,0.5299999999999999,0.55,0.55,1.0,1156,1156,0.13870903698649753,60
3000,0.49839100000000003,0.49,0.53,0.53,1.0,1276,1276,0.13870903698649753,61
3000,0.5069120000000001,0.52,0.53,0.53,1.0,1231,1231,0.13870903698649753,62
3000,0.5123019999999999,0.5,0.55,0.55,1.0,1209,1209,0.13870903698649753,63
3000,0.48769400000000007,0.48,0.53,0.53,1.0,1256,1256,0.13870903698649753,64
3000,0.494161,0.48000000000000004,0.53,0.53,1.0,1321,1321,0.13870903698649753,65
3000,0.5137410000000001,0.51,0.54,0.54,1.0,1209,1209,0.13870903698649753,66
3000,0.51123,0.51,0.55,0.55,1.0,1215,1215,0.13870903698649753,67
3000,0.51904,0.51,0.58,0.58,1.0,1170,1170,0.13870903698649753,68
3000,0.531733,0.5399999999999999,0.5700000000000001,0.5700000000000001,1.0,1130,1130,0.13870903698649753,69
3000,0.519452,0.52,0.55,0.55,1.0,1178,1178,0.13870903698649753,70
3000,0.47391000000000005,0.47000000000000003,0.48999999999999994,0.49,1.0,1409,1409,0.13870903698649753,71
3000,0.49012800000000006,0.47000000000000003,0.53,0.53,1.0,1268,1268,0.13870903698649753,72
3000,0.507223,0.5,0.54,0.54,1.0,1235,1235,0.13870903698649753,73
3000,0.514849,0.51,0.5700000000000001,0.5700000000000001,1.0,1215,1215,0.13870903698649753,74
3000,0.506695,0.51,0.5499999999999999,0.55,1.0,1244,1244,0.13870903698649753,75
3000,0.519324,0.53,0.53,0.53,1.0,1154,1154,0.13870903698649753,76
3000,0.499469,0.51,0.52,0.52,1.0,1243,1243,0.13870903698649753,77
3000,0.5185000000000001,0.52,0.55,0.55,1.0,1196,1196,0.13870903698649753,78
3000,0.5034379999999999,0.49000000000000005,0.53,0.53,1.0,1281,1281,0.13870903698649753,79
3000,0.515303,0.52,0.54,0.54,1.0,1192,1192,0.13870903698649753,80
3000,0.487887,0.48,0.53,0.53,1.0,1353,1353,0.13870903698649753,81
3000,0.5093860000000001,0.51,0.53,0.53,1.0,1219,1219,0.13870903698649753,82
3000,0.506848,0.5,0.54,0.54,1.0,1259,1259,0.13870903698649753,83
3000,0.507483,0.51,0.54,0.54,1.0,1241,1241,0.13870903698649753,84
3000,0.5020110000000001,0.49,0.5499999999999999,0.55,1.0,1245,1245,0.13870903698649753,85
3000,0.504355,0.5,0.5499999999999999,0.55,1.0,1265,1265,0.13870903698649753,86
3000,0.515474,0.52,0.54,0.54,1.0,1205,1205,0.13870903698649753,87
3000,0.5039120000000001,0.49,0.54,0.54,1.0,1255,1255,0.13870903698649753,88
3000,0.5123250000000001,0.52,0.53,0.53,1.0,1228,1228,0.13870903698649753,89
3000,0.48972200000000005,0.5,0.5,0.51,1.0,1316,1316,0.13870903698649753,90
3000,0.500808,0.5,0.52,0.52,1.0,1290,1290,0.13870903698649753,91
3000,0.520424,0.51,0.57,0.5800000000000001,1.0,1177,1177,0.13870903698649753,92
3000,0.5045430000000002,0.5,0.54,0.54,1.0,1250,1250,0.13870903698649753,93
3000,0.509854,0.51,0.54,0.54,1.0,1247,1247,0.13870903698649753,94
3000,0.4849370000000001,0.47000000000000003,0.51,0.51,1.0,1316,1316,0.13870903698649753,95
3000,0.5075450000000001,0.51,0.52,0.52,1.0,1259,1259,0.13870903698649753,96
3000,0.5161530000000001,0.53,0.54,0.54,1.0,1196,1196,0.13870903698649753,97
3000,0.490107,0.48000000000000004,0.51,0.51,1.0,1336,1336,0.13870903698649753,98
3000,0.521224,0.53,0.55,0.55,1.0,1175,1175,0.13870903698649753,99
10000,0.307188,0.32,0.33999999999999997,0.33999999999999997,1.0,2260,2260,0.09729530713186156,0
10000,0.320848,0.32,0.32000000000000006,0.32999999999999996,1.0,2258,2258,0.09729530713186156,1
10000,0.29775199999999996,0.3,0.33,0.33,1.0,2297,2297,0.09729530713186156,2
10000,0.29965899999999995,0.29999999999999993,0.32999999999999996,0.32999999999999996,1.0,2329,2329,0.09729530713186156,3
10000,0.300065,0.3,0.32,0.32,1.0,2299,2299,0.09729530713186156,4
10000,0.309908,0.31,0.32999999999999996,0.32999999999999996,1.0,2259,2259,0.09729530713186156,5
10000,0.32200900000000005,0.32999999999999996,0.32999999999999996,0.32999999999999996,1.0,2250,2250,0.09729530713186156,6
10000,0.30754400000000004,0.31,0.32,0.33000000000000007,1.0,2278,2278,0.09729530713186156,7
10000,0.313688,0.31,0.31999999999999995,0.33999999999999997,1.0,2269,2269,0.09729530713186156,8
10000,0.31367799999999996,0.31999999999999995,0.32999999999999996,0.32999999999999996,1.0,2228,2228,0.09729530713186156,9
10000,0.30357599999999996,0.3,0.31999999999999995,0.31999999999999995,1.0,2344,2344,0.09729530713186156,10
10000,0.312829,0.31,0.32,0.32999999999999996,1.0,2298,2298,0.09729530713186156,11
10000,0.308649,0.33,0.33,0.33000000000000007,1.0,2298,2298,0.09729530713186156,12
10000,0.30773300000000003,0.30999999999999994,0.32,0.32000000000000006,1.0,2357,2357,0.09729530713186156,13
10000,0.313803,0.31999999999999995,0.32999999999999996,0.32999999999999996,1.0,2224,2224,0.09729530713186156,14
10000,0.30000599999999994,0.29999999999999993,0.31999999999999995,0.33000000000000007,1.0,2321,2321,0.09729530713186156,15
10000,0.318615,0.32,0.33,0.33,1.0,2166,2166,0.09729530713186156,16
10000,0.309699,0.31,0.33,0.33,1.0,2259,2259,0.09729530713186156,17
10000,0.308569,0.30999999999999994,0.31999999999999995,0.32999999999999996,1.0,2309,2309,0.09729530713186156,18
10000,0.32776799999999995,0.33,0.33999999999999997,0.33999999999999997,1.0,2226,2226,0.09729530713186156,19
10000,0.30095299999999997,0.31,0.31999999999999995,0.32000000000000006,1.0,2271,2271,0.09729530713186156,20
10000,0.29556099999999996,0.3,0.31,0.31999999999999995,1.0,2366,2366,0.09729530713186156,21
10000,0.300153,0.31,0.32,0.33,1.0,2336,2336,0.09729530713186156,22
10000,0.312663,0.31999999999999995,0.32999999999999996,0.33999999999999997,1.0,2301,2301,0.09729530713186156,23
10000,0.322258,0.32,0.32999999999999996,0.32999999999999996,1.0,2174,2174,0.09729530713186156,24
10000,0.312002,0.31,0.31999999999999995,0.31999999999999995,1.0,2335,2335,0.09729530713186156,25
10000,0.298817,0.3,0.31,0.31999999999999995,1.0,2362,2362,0.09729530713186156,26
10000,0.31795199999999996,0.32,0.32999999999999996,0.32999999999999996,1.0,2284,2284,0.09729530713186156,27
10000,0.326049,0.32999999999999996,0.32999999999999996,0.32999999999999996,1.0,2224,2224,0.09729530713186156,28
10000,0.32210399999999995,0.32,0.33000000000000007,0.33000000000000007,1.0,2228,2228,0.09729530713186156,29
10000,0.31247099999999994,0.31999999999999995,0.32,0.32999999999999996,1.0,2305,2305,0.09729530713186156,30
10000,0.318627,0.32999999999999996,0.33,0.33,1.0,2232,2232,0.09729530713186156,31
10000,0.30864699999999995,0.31,0.32000000000000006,0.32999999999999996,1.0,2297,2297,0.09729530713186156,32
10000,0.31736800000000004,0.32,0.32000000000000006,0.32999999999999996,1.0,2274,2274,0.09729530713186156,33
10000,0.310061,0.32999999999999996,0.34,0.34,1.0,2296,2296,0.09729530713186156,34
10000,0.308792,0.31,0.32000000000000006,0.32999999999999996,1.0,2313,2313,0.09729530713186156,35
10000,0.31421899999999997,0.31999999999999995,0.32999999999999996,0.32999999999999996,1.0,2215,2215,0.09729530713186156,36
10000,0.325841,0.32999999999999996,0.32999999999999996,0.32999999999999996,1.0,2256,2256,0.09729530713186156,37
10000,0.32970900000000003,0.33,0.33999999999999997,0.33999999999999997,1.0,2180,2180,0.09729530713186156,38
10000,0.31754999999999994,0.31999999999999995,0.31999999999999995,0.33999999999999997,1.0,2274,2274,0.09729530713186156,39
10000,0.30873300000000004,0.30999999999999994,0.31999999999999995,0.32999999999999996,1.0,2314,2314,0.09729530713186156,40
10000,0.314046,0.32,0.33,0.33,1.0,2236,2236,0.09729530713186156,41
10000,0.3001,0.29999999999999993,0.32000000000000006,0.32000000000000006,1.0,2350,2350,0.09729530713186156,42
10000,0.3150899999999999,0.32,0.34,0.34,1.0,2190,2190,0.09729530713186156,43
10000,0.300453,0.31,0.32000000000000006,0.32000000000000006,1.0,2304,2304,0.09729530713186156,44
10000,0.31788500000000003,0.33,0.34,0.34,1.0,2225,2225,0.09729530713186156,45
10000,0.31310299999999996,0.31999999999999995,0.32999999999999996,0.32999999999999996,1.0,2307,2307,0.09729530713186156,46
10000,0.32607699999999995,0.32999999999999996,0.34,0.34,1.0,2231,2231,0.09729530713186156,47
10000,0.31772100000000003,0.31999999999999995,0.32999999999999996,0.32999999999999996,1.0,2271,2271,0.09729530713186156,48
10000,0.309512,0.31999999999999995,0.33,0.33000000000000007,1.0,2276,2276,0.09729530713186156,49
10000,0.32958400000000004,0.32999999999999996,0.34,0.34,1.0,2230,2230,0.09729530713186156,50
10000,0.304341,0.30999999999999994,0.31999999999999995,0.32000000000000006,1.0,2279,2279,0.09729530713186156,51
10000,0.315958,0.32,0.32,0.32999999999999996,1.0,2328,2328,0.09729530713186156,52
10000,0.3030709999999999,0.30999999999999994,0.31999999999999995,0.32999999999999996,1.0,2360,2360,0.09729530713186156,53
10000,0.316898,0.31999999999999995,0.32999999999999996,0.33,1.0,2277,2277,0.09729530713186156,54
10000,0.3229789999999999,0.32,0.33999999999999997,0.33999999999999997,1.0,2250,2250,0.09729530713186156,55
10000,0.300423,0.3,0.31999999999999995,0.32999999999999996,1.0,2309,2309,0.09729530713186156,56
10000,0.304418,0.30999999999999994,0.31999999999999995,0.33999999999999997,1.0,2257,2257,0.09729530713186156,57
10000,0.321119,0.32,0.32999999999999996,0.33,1.0,2296,2296,0.09729530713186156,58
10000,0.30511499999999997,0.3,0.32,0.32999999999999996,1.0,2342,2342,0.09729530713186156,59
10000,0.31776799999999994,0.31999999999999995,0.32999999999999996,0.33,1.0,2261,2261,0.09729530713186156,60
10000,0.30936400000000003,0.30999999999999994,0.32,0.33999999999999997,1.0,2269,2269,0.09729530713186156,61
10000,0.30664699999999995,0.31,0.31000000000000005,0.31000000000000005,1.0,2368,2368,0.09729530713186156,62
10000,0.322049,0.32999999999999996,0.33,0.33,1.0,2273,2273,0.09729530713186156,63
10000,0.30095599999999995,0.29999999999999993,0.32999999999999996,0.32999999999999996,1.0,2334,2334,0.09729530713186156,64
10000,0.31286200000000003,0.31999999999999995,0.31999999999999995,0.32999999999999996,1.0,2310,2310,0.09729530713186156,65
10000,0.31826399999999994,0.31999999999999995,0.32999999999999996,0.33,1.0,2258,2258,0.09729530713186156,66
10000,0.29152300000000003,0.29,0.31,0.31999999999999995,1.0,2400,2400,0.09729530713186156,67
10000,0.322006,0.32999999999999996,0.32999999999999996,0.32999999999999996,1.0,2233,2233,0.09729530713186156,68
10000,0.31793099999999996,0.31999999999999995,0.32999999999999996,0.32999999999999996,1.0,2244,2244,0.09729530713186156,69
10000,0.302573,0.3,0.31,0.31,1.0,2370,2370,0.09729530713186156,70
10000,0.309156,0.30999999999999994,0.32999999999999996,0.32999999999999996,1.0,2294,2294,0.09729530713186156,71
10000,0.32258899999999996,0.32999999999999996,0.33,0.33000000000000007,1.0,2190,2190,0.09729530713186156,72
10000,0.32449799999999995,0.31999999999999995,0.36,0.36,1.0,2143,2143,0.09729530713186156,73
10000,0.309504,0.30999999999999994,0.32999999999999996,0.33999999999999997,1.0,2256,2256,0.09729530713186156,74
10000,0.32355500000000004,0.32999999999999996,0.33999999999999997,0.33999999999999997,1.0,2148,2148,0.09729530713186156,75
10000,0.317339,0.32999999999999996,0.34,0.34,1.0,2306,2306,0.09729530713186156,76
10000,0.30096000000000006,0.31,0.32000000000000006,0.32999999999999996,1.0,2274,2274,0.09729530713186156,77
10000,0.3142,0.31,0.32999999999999996,0.32999999999999996,1.0,2195,2195,0.09729530713186156,78
10000,0.305106,0.31999999999999995,0.33,0.33,1.0,2264,2264,0.09729530713186156,79
10000,0.30938699999999997,0.30999999999999994,0.32999999999999996,0.32999999999999996,1.0,2243,2243,0.09729530713186156,80
10000,0.30763,0.30999999999999994,0.32,0.32000000000000006,1.0,2336,2336,0.09729530713186156,81
10000,0.312788,0.31999999999999995,0.32999999999999996,0.33999999999999997,1.0,2270,2270,0.09729530713186156,82
10000,0.310362,0.32,0.32999999999999996,0.32999999999999996,1.0,2281,2281,0.09729530713186156,83
10000,0.31195799999999996,0.31999999999999995,0.32,0.32999999999999996,1.0,2337,2337,0.09729530713186156,84
10000,0.313693,0.31999999999999995,0.33,0.33,1.0,2228,2228,0.09729530713186156,85
10000,0.309908,0.31,0.32999999999999996,0.32999999999999996,1.0,2284,2284,0.09729530713186156,86
10000,0.304583,0.30999999999999994,0.31999999999999995,0.33999999999999997,1.0,2296,2296,0.09729530713186156,87
10000,0.30447199999999996,0.3,0.31999999999999995,0.32999999999999996,1.0,2311,2311,0.09729530713186156,88
10000,0.321907,0.32,0.33,0.33,1.0,2219,2219,0.09729530713186156,89
10000,0.30805599999999994,0.31999999999999995,0.31999999999999995,0.32999999999999996,1.0,2357,2357,0.09729530713186156,90
10000,0.329885,0.33,0.33999999999999997,0.33999999999999997,1.0,2201,2201,0.09729530713186156,91
10000,0.309331,0.30999999999999994,0.32,0.32999999999999996,1.0,2285,2285,0.09729530713186156,92
10000,0.32062599999999997,0.31999999999999995,0.33999999999999997,0.34,1.0,2241,2241,0.09729530713186156,93
10000,0.317129,0.31999999999999995,0.32999999999999996,0.32999999999999996,1.0,2267,2267,0.09729530713186156,94
10000,0.29733,0.3,0.32000000000000006,0.32999999999999996,1.0,2305,2305,0.09729530713186156,95
10000,0.31443899999999997,0.32,0.32999999999999996,0.32999999999999996,1.0,2284,2284,0.09729530713186156,96
10000,0.3077069999999999,0.31,0.31999999999999995,0.31999999999999995,1.0,2336,2336,0.09729530713186156,97
10000,0.311364,0.31999999999999995,0.32999999999999996,0.32999999999999996,1.0,2330,2330,0.09729530713186156,98
10000,0.3140839999999999,0.32999999999999996,0.32999999999999996,0.35,1.0,2192,2192,0.09729530713186156,99
30000,0.19199899999999998,0.17999999999999994,0.22999999999999998,0.23000000000000004,1.0,3087,3087,0.07004295019622545,0
30000,0.202256,0.19999999999999996,0.23999999999999994,0.24,1.0,3038,3038,0.07004295019622545,1
30000,0.190949,0.17999999999999994,0.22999999999999998,0.22999999999999998,1.0,3109,3109,0.07004295019622545,2
30000,0.197139,0.18,0.23000000000000004,0.24000000000000005,1.0,3005,3005,0.07004295019622545,3
30000,0.19841199999999998,0.19,0.22999999999999993,0.22999999999999993,1.0,3110,3110,0.07004295019622545,4
30000,0.19300900000000001,0.17999999999999994,0.22999999999999998,0.22999999999999998,1.0,3043,3043,0.07004295019622545,5
30000,0.194773,0.19,0.22000000000000008,0.22999999999999998,1.0,3103,3103,0.07004295019622545,6
30000,0.19844799999999996,0.18999999999999995,0.22999999999999998,0.23000000000000004,1.0,3055,3055,0.07004295019622545,7
30000,0.188956,0.17,0.22999999999999998,0.24,1.0,3076,3076,0.07004295019622545,8
30000,0.187955,0.17999999999999994,0.22999999999999998,0.22999999999999998,1.0,3099,3099,0.07004295019622545,9
30000,0.192854,0.18,0.22999999999999998,0.22999999999999998,1.0,3122,3122,0.07004295019622545,10
30000,0.193984,0.18999999999999995,0.22999999999999998,0.22999999999999998,1.0,3115,3115,0.07004295019622545,11
30000,0.193955,0.18,0.22,0.22999999999999998,1.0,3105,3105,0.07004295019622545,12
30000,0.194581,0.18999999999999995,0.22999999999999998,0.23000000000000004,1.0,3093,3093,0.07004295019622545,13
30000,0.19266099999999997,0.18,0.22999999999999998,0.22999999999999998,1.0,3110,3110,0.07004295019622545,14
30000,0.18745999999999996,0.17,0.22999999999999998,0.22999999999999998,1.0,3117,3117,0.07004295019622545,15
30000,0.19734600000000002,0.19,0.22999999999999998,0.23000000000000004,1.0,3092,3092,0.07004295019622545,16
30000,0.19832699999999998,0.18999999999999995,0.22999999999999998,0.22999999999999998,1.0,3084,3084,0.07004295019622545,17
30000,0.19313699999999998,0.18,0.22999999999999998,0.23999999999999994,1.0,3093,3093,0.07004295019622545,18
30000,0.20256099999999996,0.19,0.22999999999999998,0.24,1.0,3042,3042,0.07004295019622545,19
30000,0.19436900000000001,0.18999999999999995,0.22999999999999998,0.24,1.0,3082,3082,0.07004295019622545,20
30000,0.19864400000000002,0.19,0.22999999999999998,0.23000000000000004,1.0,3062,3062,0.07004295019622545,21
30000,0.19843599999999997,0.18,0.23999999999999994,0.23999999999999994,1.0,3031,3031,0.07004295019622545,22
30000,0.197665,0.18999999999999995,0.22999999999999998,0.23999999999999994,1.0,3098,3098,0.07004295019622545,23
30000,0.192105,0.17999999999999994,0.22999999999999998,0.22999999999999998,1.0,3097,3097,0.07004295019622545,24
30000,0.19628799999999996,0.18,0.23000000000000004,0.24,1.0,3040,3040,0.07004295019622545,25
30000,0.19784599999999997,0.18999999999999995,0.21999999999999997,0.22999999999999998,1.0,3061,3061,0.07004295019622545,26
30000,0.19599399999999997,0.18,0.22999999999999993,0.22999999999999998,1.0,3033,3033,0.07004295019622545,27
30000,0.19768799999999997,0.18999999999999995,0.22999999999999998,0.22999999999999998,1.0,3051,3051,0.07004295019622545,28
30000,0.19753199999999999,0.18999999999999995,0.22999999999999998,0.22999999999999998,1.0,3114,3114,0.07004295019622545,29
30000,0.19486699999999998,0.18,0.22999999999999993,0.22999999999999998,1.0,3103,3103,0.07004295019622545,30
30000,0.193385,0.18999999999999995,0.22000000000000008,0.23000000000000004,1.0,3093,3093,0.07004295019622545,31
30000,0.19117599999999998,0.17999999999999994,0.22999999999999998,0.22999999999999998,1.0,3113,3113,0.07004295019622545,32
30000,0.194962,0.18999999999999995,0.22999999999999998,0.23999999999999994,1.0,3070,3070,0.07004295019622545,33
30000,0.197733,0.19,0.22999999999999998,0.22999999999999998,1.0,3094,3094,0.07004295019622545,34
30000,0.18601199999999996,0.17,0.22999999999999993,0.22999999999999993,1.0,3137,3137,0.07004295019622545,35
30000,0.18968,0.18,0.21999999999999997,0.22999999999999993,1.0,3145,3145,0.07004295019622545,36
30000,0.19803899999999997,0.18999999999999995,0.22999999999999998,0.22999999999999998,1.0,3088,3088,0.07004295019622545,37
30000,0.195608,0.18,0.22999999999999998,0.22999999999999998,1.0,3047,3047,0.07004295019622545,38
30000,0.193598,0.18999999999999995,0.23000000000000004,0.23000000000000004,1.0,3096,3096,0.07004295019622545,39
30000,0.18883599999999998,0.18,0.21999999999999997,0.22999999999999998,1.0,3136,3136,0.07004295019622545,40
30000,0.191012,0.17999999999999994,0.22,0.23999999999999994,1.0,3099,3099,0.07004295019622545,41
30000,0.18949499999999997,0.17999999999999994,0.21999999999999997,0.22999999999999998,1.0,3139,3139,0.07004295019622545,42
30000,0.192793,0.19,0.22000000000000008,0.22999999999999998,1.0,3128,3128,0.07004295019622545,43
30000,0.19903999999999997,0.19,0.22999999999999998,0.23000000000000004,1.0,3071,3071,0.07004295019622545,44
30000,0.19175299999999995,0.17999999999999994,0.22999999999999993,0.22999999999999998,1.0,3121,3121,0.07004295019622545,45
30000,0.19814699999999996,0.19,0.22999999999999998,0.22999999999999998,1.0,3080,3080,0.07004295019622545,46
30000,0.19765699999999997,0.18999999999999995,0.22999999999999998,0.22999999999999998,1.0,3099,3099,0.07004295019622545,47
30000,0.19253199999999998,0.18999999999999995,0.21999999999999997,0.22999999999999998,1.0,3130,3130,0.07004295019622545,48
30000,0.196876,0.18999999999999995,0.22999999999999998,0.22999999999999998,1.0,3109,3109,0.07004295019622545,49
30000,0.19872199999999998,0.19,0.22999999999999998,0.22999999999999998,1.0,3078,3078,0.07004295019622545,50
30000,0.19566199999999997,0.18,0.22999999999999998,0.22999999999999998,1.0,3073,3073,0.07004295019622545,51
30000,0.19895,0.18999999999999995,0.22999999999999998,0.22999999999999998,1.0,3075,3075,0.07004295019622545,52
30000,0.200479,0.19,0.22999999999999998,0.22999999999999998,1.0,3094,3094,0.07004295019622545,53
30000,0.18958699999999998,0.17999999999999994,0.22000000000000008,0.22999999999999998,1.0,3139,3139,0.07004295019622545,54
30000,0.190437,0.17999999999999994,0.22999999999999998,0.22999999999999998,1.0,3115,3115,0.07004295019622545,55
30000,0.19930699999999996,0.18999999999999995,0.23999999999999994,0.23999999999999994,1.0,3074,3074,0.07004295019622545,56
30000,0.190074,0.17999999999999994,0.22999999999999998,0.22999999999999998,1.0,3119,3119,0.07004295019622545,57
30000,0.20107699999999998,0.18999999999999995,0.23999999999999994,0.24,1.0,3024,3024,0.07004295019622545,58
30000,0.19641399999999995,0.18,0.22999999999999998,0.24,1.0,3046,3046,0.07004295019622545,59
30000,0.19436499999999998,0.18999999999999995,0.22999999999999998,0.22999999999999998,1.0,3086,3086,0.07004295019622545,60
30000,0.19165899999999997,0.17999999999999994,0.22999999999999998,0.22999999999999998,1.0,3106,3106,0.07004295019622545,61
30000,0.19772099999999998,0.19,0.22000000000000008,0.22999999999999998,1.0,3097,3097,0.07004295019622545,62
30000,0.203341,0.19,0.23999999999999994,0.23999999999999994,1.0,3045,3045,0.07004295019622545,63
30000,0.19414399999999996,0.18999999999999995,0.22999999999999998,0.22999999999999998,1.0,3104,3104,0.07004295019622545,64
30000,0.19451299999999996,0.18,0.22999999999999998,0.22999999999999998,1.0,3109,3109,0.07004295019622545,65
30000,0.199566,0.18999999999999995,0.22999999999999998,0.22999999999999998,1.0,3034,3034,0.07004295019622545,66
30000,0.19619299999999998,0.18,0.22999999999999998,0.23999999999999994,1.0,3049,3049,0.07004295019622545,67
30000,0.19912,0.18999999999999995,0.22999999999999998,0.22999999999999998,1.0,3082,3082,0.07004295019622545,68
30000,0.191513,0.17999999999999994,0.22999999999999998,0.22999999999999998,1.0,3102,3102,0.07004295019622545,69
30000,0.20218999999999998,0.19,0.23000000000000004,0.23999999999999994,1.0,3046,3046,0.07004295019622545,70
30000,0.19305099999999997,0.18,0.22999999999999998,0.22999999999999998,1.0,3042,3042,0.07004295019622545,71
30000,0.189736,0.17999999999999994,0.21999999999999997,0.22999999999999998,1.0,3132,3132,0.07004295019622545,72
30000,0.19708499999999998,0.18999999999999995,0.22999999999999998,0.23999999999999994,1.0,3091,3091,0.07004295019622545,73
30000,0.195262,0.18,0.22999999999999998,0.23999999999999994,1.0,3083,3083,0.07004295019622545,74
30000,0.19074899999999997,0.18,0.22000000000000008,0.22999999999999998,1.0,3117,3117,0.07004295019622545,75
30000,0.19371099999999997,0.18,0.22999999999999998,0.22999999999999998,1.0,3119,3119,0.07004295019622545,76
30000,0.185858,0.17,0.21999999999999997,0.22999999999999998,1.0,3151,3151,0.07004295019622545,77
30000,0.19336799999999998,0.19,0.22999999999999998,0.23000000000000004,1.0,3110,3110,0.07004295019622545,78
30000,0.190572,0.17999999999999994,0.21999999999999997,0.22999999999999998,1.0,3095,3095,0.07004295019622545,79
30000,0.18961499999999995,0.18,0.22000000000000008,0.22999999999999993,1.0,3148,3148,0.07004295019622545,80
30000,0.191508,0.17999999999999994,0.22999999999999998,0.22999999999999998,1.0,3088,3088,0.07004295019622545,81
30000,0.199171,0.18999999999999995,0.22999999999999998,0.22999999999999998,1.0,3032,3032,0.07004295019622545,82
30000,0.18713899999999997,0.17,0.22999999999999998,0.23,1.0,3111,3111,0.07004295019622545,83
30000,0.198007,0.18999999999999995,0.22999999999999993,0.22999999999999998,1.0,3073,3073,0.07004295019622545,84
30000,0.19564599999999996,0.18,0.22999999999999998,0.22999999999999998,1.0,3095,3095,0.07004295019622545,85
30000,0.19826099999999997,0.18,0.24,0.24,1.0,3007,3007,0.07004295019622545,86
30000,0.18819200000000003,0.18,0.22999999999999998,0.22999999999999998,1.0,3117,3117,0.07004295019622545,87
30000,0.19617599999999996,0.18,0.22999999999999998,0.23999999999999994,1.0,3071,3071,0.07004295019622545,88
30000,0.190972,0.17999999999999994,0.22999999999999998,0.22999999999999998,1.0,3091,3091,0.07004295019622545,89
30000,0.19578999999999996,0.18,0.23999999999999994,0.24,1.0,3052,3052,0.07004295019622545,90
30000,0.186221,0.17,0.21999999999999997,0.22999999999999998,1.0,3143,3143,0.07004295019622545,91
30000,0.19419399999999998,0.18,0.22999999999999998,0.22999999999999998,1.0,3113,3113,0.07004295019622545,92
30000,0.19923599999999997,0.18999999999999995,0.22999999999999998,0.23000000000000004,1.0,3036,3036,0.07004295019622545,93
30000,0.19544399999999998,0.18,0.22999999999999998,0.22999999999999998,1.0,3081,3081,0.07004295019622545,94
30000,0.18815099999999998,0.17,0.22999999999999998,0.23999999999999994,1.0,3099,3099,0.07004295019622545,95
30000,0.193956,0.18,0.22999999999999998,0.23000000000000004,1.0,3097,3097,0.07004295019622545,96
30000,0.19561599999999998,0.18,0.22999999999999998,0.22999999999999998,1.0,3084,3084,0.07004295019622545,97
30000,0.19173300000000001,0.17999999999999994,0.22999999999999998,0.22999999999999998,1.0,3102,3102,0.07004295019622545,98
30000,0.19888299999999998,0.18999999999999995,0.22999999999999998,0.22999999999999998,1.0,3076,3076,0.07004295019622545,99
100000,0.12209500000000001,0.12,0.15000000000000002,0.15999999999999998,1.0,3755,3755,0.04864765356593078,0
100000,0.12143499999999997,0.12,0.15,0.15999999999999998,1.0,3767,3767,0.04864765356593078,1
100000,0.12172799999999998,0.12,0.15000000000000002,0.15999999999999998,1.0,3743,3743,0.04864765356593078,2
100000,0.122804,0.12,0.15000000000000002,0.15999999999999998,1.0,3737,3737,0.04864765356593078,3
100000,0.12188599999999997,0.12,0.15999999999999998,0.15999999999999998,1.0,3745,3745,0.04864765356593078,4
100000,0.124064,0.12,0.15000000000000002,0.15999999999999992,1.0,3719,3719,0.04864765356593078,5
100000,0.12432399999999999,0.12,0.15999999999999992,0.15999999999999998,1.0,3743,3743,0.04864765356593078,6
100000,0.12313599999999997,0.12,0.15999999999999992,0.15999999999999998,1.0,3745,3745,0.04864765356593078,7
100000,0.122211,0.12,0.15999999999999992,0.15999999999999998,1.0,3743,3743,0.04864765356593078,8
100000,0.12261699999999999,0.12,0.15999999999999992,0.15999999999999998,1.0,3750,3750,0.04864765356593078,9
100000,0.12406299999999999,0.12,0.15999999999999992,0.15999999999999998,1.0,3727,3727,0.04864765356593078,10
100000,0.12218599999999999,0.12,0.16000000000000003,0.16000000000000003,1.0,3736,3736,0.04864765356593078,11
100000,0.12179299999999998,0.12,0.15999999999999992,0.15999999999999998,1.0,3748,3748,0.04864765356593078,12
100000,0.12283499999999997,0.12,0.15999999999999998,0.15999999999999998,1.0,3736,3736,0.04864765356593078,13
100000,0.126605,0.12,0.15999999999999998,0.16999999999999993,1.0,3695,3695,0.04864765356593078,14
100000,0.122935,0.12,0.15999999999999998,0.16000000000000003,1.0,3725,3725,0.04864765356593078,15
100000,0.122735,0.12,0.15000000000000002,0.15999999999999998,1.0,3733,3733,0.04864765356593078,16
100000,0.12353499999999999,0.12,0.15999999999999998,0.15999999999999998,1.0,3716,3716,0.04864765356593078,17
100000,0.121791,0.12,0.15,0.15999999999999998,1.0,3751,3751,0.04864765356593078,18
100000,0.12163299999999998,0.12,0.15999999999999992,0.15999999999999998,1.0,3761,3761,0.04864765356593078,19
100000,0.124448,0.12,0.15999999999999998,0.16999999999999993,1.0,3707,3707,0.04864765356593078,20
100000,0.12313399999999998,0.12,0.15999999999999998,0.15999999999999998,1.0,3723,3723,0.04864765356593078,21
100000,0.12352400000000002,0.12,0.15999999999999992,0.15999999999999998,1.0,3721,3721,0.04864765356593078,22
100000,0.12593600000000002,0.12,0.15999999999999998,0.16999999999999993,1.0,3697,3697,0.04864765356593078,23
100000,0.12374199999999996,0.12,0.15999999999999992,0.15999999999999998,1.0,3721,3721,0.04864765356593078,24
100000,0.123599,0.12,0.15999999999999992,0.15999999999999998,1.0,3736,3736,0.04864765356593078,25
100000,0.12365899999999999,0.12,0.15999999999999998,0.16000000000000003,1.0,3709,3709,0.04864765356593078,26
100000,0.122859,0.12,0.15999999999999992,0.15999999999999998,1.0,3732,3732,0.04864765356593078,27
100000,0.12182599999999998,0.12,0.15999999999999998,0.16000000000000003,1.0,3734,3734,0.04864765356593078,28
100000,0.12391500000000001,0.12,0.15999999999999998,0.15999999999999998,1.0,3720,3720,0.04864765356593078,29
100000,0.121994,0.12,0.15000000000000002,0.15999999999999998,1.0,3733,3733,0.04864765356593078,30
100000,0.12324199999999996,0.12,0.15999999999999998,0.15999999999999998,1.0,3743,3743,0.04864765356593078,31
100000,0.12329299999999999,0.12,0.15999999999999992,0.15999999999999998,1.0,3724,3724,0.04864765356593078,32
100000,0.125024,0.12,0.15999999999999992,0.15999999999999998,1.0,3734,3734,0.04864765356593078,33
100000,0.12376599999999999,0.12,0.15000000000000002,0.15999999999999998,1.0,3723,3723,0.04864765356593078,34
100000,0.12330499999999998,0.12,0.15999999999999992,0.15999999999999998,1.0,3740,3740,0.04864765356593078,35
100000,0.12289699999999999,0.12,0.15999999999999992,0.16000000000000003,1.0,3724,3724,0.04864765356593078,36
100000,0.123581,0.12,0.15000000000000002,0.15999999999999998,1.0,3721,3721,0.04864765356593078,37
100000,0.123108,0.12,0.15999999999999992,0.16000000000000003,1.0,3712,3712,0.04864765356593078,38
100000,0.12246900000000001,0.12,0.15999999999999998,0.15999999999999998,1.0,3726,3726,0.04864765356593078,39
100000,0.12389899999999998,0.12,0.15999999999999998,0.15999999999999998,1.0,3724,3724,0.04864765356593078,40
100000,0.12240100000000001,0.12,0.15999999999999998,0.15999999999999998,1.0,3747,3747,0.04864765356593078,41
100000,0.123238,0.12,0.15999999999999998,0.15999999999999998,1.0,3721,3721,0.04864765356593078,42
100000,0.12127599999999998,0.12,0.15000000000000002,0.15999999999999998,1.0,3753,3753,0.04864765356593078,43
100000,0.12189400000000002,0.12,0.15999999999999998,0.15999999999999998,1.0,3739,3739,0.04864765356593078,44
100000,0.12270299999999998,0.12,0.15999999999999998,0.15999999999999998,1.0,3743,3743,0.04864765356593078,45
100000,0.12173199999999998,0.12,0.15999999999999992,0.15999999999999998,1.0,3754,3754,0.04864765356593078,46
100000,0.12354999999999997,0.12,0.15999999999999992,0.16000000000000003,1.0,3712,3712,0.04864765356593078,47
100000,0.122709,0.12,0.16000000000000003,0.16000000000000003,1.0,3721,3721,0.04864765356593078,48
100000,0.124058,0.12,0.16000000000000003,0.16999999999999993,1.0,3695,3695,0.04864765356593078,49
100000,0.12315000000000001,0.12,0.15999999999999998,0.15999999999999998,1.0,3722,3722,0.04864765356593078,50
100000,0.12225299999999999,0.12,0.15999999999999998,0.15999999999999998,1.0,3731,3731,0.04864765356593078,51
100000,0.12277299999999998,0.12,0.15999999999999998,0.15999999999999998,1.0,3703,3703,0.04864765356593078,52
100000,0.124487,0.12,0.15999999999999998,0.16999999999999993,1.0,3693,3693,0.04864765356593078,53
100000,0.122166,0.12,0.15999999999999998,0.15999999999999998,1.0,3737,3737,0.04864765356593078,54
100000,0.12326999999999999,0.12,0.15999999999999998,0.15999999999999998,1.0,3736,3736,0.04864765356593078,55
100000,0.12144800000000001,0.12,0.15999999999999992,0.15999999999999998,1.0,3755,3755,0.04864765356593078,56
100000,0.12246699999999999,0.12,0.15999999999999992,0.15999999999999998,1.0,3748,3748,0.04864765356593078,57
100000,0.12202799999999998,0.12,0.15999999999999992,0.15999999999999998,1.0,3749,3749,0.04864765356593078,58
100000,0.122461,0.12,0.15999999999999992,0.15999999999999998,1.0,3740,3740,0.04864765356593078,59
100000,0.12168099999999998,0.12,0.15999999999999992,0.15999999999999998,1.0,3744,3744,0.04864765356593078,60
100000,0.12154300000000001,0.12,0.15999999999999998,0.16000000000000003,1.0,3748,3748,0.04864765356593078,61
100000,0.12239200000000001,0.12,0.15000000000000002,0.15999999999999998,1.0,3738,3738,0.04864765356593078,62
100000,0.123456,0.12,0.15999999999999998,0.15999999999999998,1.0,3726,3726,0.04864765356593078,63
100000,0.12364499999999999,0.12,0.15000000000000002,0.15999999999999998,1.0,3732,3732,0.04864765356593078,64
100000,0.12294600000000001,0.12,0.15999999999999998,0.15999999999999998,1.0,3744,3744,0.04864765356593078,65
100000,0.123585,0.12,0.15999999999999998,0.15999999999999998,1.0,3727,3727,0.04864765356593078,66
100000,0.123908,0.12,0.15999999999999998,0.16999999999999993,1.0,3705,3705,0.04864765356593078,67
100000,0.12406999999999999,0.12,0.15000000000000002,0.16000000000000003,1.0,3704,3704,0.04864765356593078,68
100000,0.123513,0.12,0.15999999999999998,0.16999999999999993,1.0,3707,3707,0.04864765356593078,69
100000,0.12647599999999998,0.12,0.15999999999999992,0.15999999999999998,1.0,3721,3721,0.04864765356593078,70
100000,0.123206,0.12,0.15999999999999998,0.16000000000000003,1.0,3713,3713,0.04864765356593078,71
100000,0.122175,0.12,0.15000000000000002,0.15999999999999998,1.0,3753,3753,0.04864765356593078,72
100000,0.12188199999999998,0.12,0.15999999999999998,0.15999999999999998,1.0,3748,3748,0.04864765356593078,73
100000,0.123208,0.12,0.15999999999999992,0.15999999999999998,1.0,3735,3735,0.04864765356593078,74
100000,0.122105,0.12,0.15999999999999998,0.15999999999999998,1.0,3750,3750,0.04864765356593078,75
100000,0.12449400000000001,0.12,0.15999999999999998,0.15999999999999998,1.0,3715,3715,0.04864765356593078,76
100000,0.12229,0.12,0.15000000000000002,0.15999999999999998,1.0,3734,3734,0.04864765356593078,77
100000,0.12236399999999999,0.12,0.15999999999999998,0.15999999999999998,1.0,3751,3751,0.04864765356593078,78
100000,0.125357,0.12,0.15999999999999998,0.16000000000000003,1.0,3706,3706,0.04864765356593078,79
100000,0.124165,0.12,0.15999999999999998,0.16999999999999993,1.0,3692,3692,0.04864765356593078,80
100000,0.12213399999999999,0.12,0.15999999999999992,0.15999999999999998,1.0,3740,3740,0.04864765356593078,81
100000,0.122327,0.12,0.15999999999999992,0.15999999999999998,1.0,3740,3740,0.04864765356593078,82
100000,0.121291,0.12,0.15,0.15999999999999998,1.0,3767,3767,0.04864765356593078,83
100000,0.12195299999999998,0.12,0.15999999999999992,0.15999999999999992,1.0,3760,3760,0.04864765356593078,84
100000,0.12158600000000001,0.12,0.15999999999999992,0.15999999999999998,1.0,3761,3761,0.04864765356593078,85
100000,0.122158,0.12,0.15000000000000002,0.15999999999999998,1.0,3743,3743,0.04864765356593078,86
100000,0.12223599999999997,0.12,0.15,0.15999999999999998,1.0,3743,3743,0.04864765356593078,87
100000,0.12394000000000001,0.12,0.15999999999999998,0.15999999999999998,1.0,3724,3724,0.04864765356593078,88
100000,0.12325299999999997,0.12,0.15999999999999992,0.15999999999999998,1.0,3730,3730,0.04864765356593078,89
100000,0.123259,0.12,0.15999999999999998,0.16000000000000003,1.0,3709,3709,0.04864765356593078,90
100000,0.12179899999999999,0.12,0.15000000000000002,0.15999999999999998,1.0,3756,3756,0.04864765356593078,91
100000,0.121485,0.12,0.15999999999999992,0.15999999999999998,1.0,3748,3748,0.04864765356593078,92
100000,0.122105,0.12,0.15999999999999998,0.16999999999999993,1.0,3720,3720,0.04864765356593078,93
100000,0.124816,0.12,0.15000000000000002,0.15999999999999998,1.0,3731,3731,0.04864765356593078,94
100000,0.123889,0.12,0.15999999999999998,0.15999999999999998,1.0,3723,3723,0.04864765356593078,95
100000,0.12285699999999998,0.12,0.15999999999999992,0.15999999999999998,1.0,3723,3723,0.04864765356593078,96
100000,0.122729,0.12,0.15999999999999998,0.15999999999999998,1.0,3737,3737,0.04864765356593078,97
100000,0.12296499999999999,0.12,0.15999999999999998,0.15999999999999998,1.0,3731,3731,0.04864765356593078,98
100000,0.12268799999999998,0.12,0.15999999999999992,0.15999999999999998,1.0,3742,3742,0.04864765356593078,99
300000,0.08487399999999998,0.08000000000000002,0.10999999999999999,0.10999999999999999,1.0,4157,4157,0.034770873142995644,0
300000,0.08763,0.07999999999999999,0.10999999999999999,0.1100000000000001,1.0,4129,4129,0.034770873142995644,1
300000,0.08724199999999999,0.08999999999999997,0.10999999999999999,0.10999999999999999,1.0,4139,4139,0.034770873142995644,2
300000,0.08856499999999999,0.08999999999999997,0.10999999999999999,0.10999999999999999,1.0,4121,4121,0.034770873142995644,3
300000,0.08716999999999998,0.07999999999999999,0.10999999999999999,0.10999999999999999,1.0,4151,4151,0.034770873142995644,4
300000,0.085864,0.08999999999999997,0.10999999999999999,0.10999999999999999,1.0,4138,4138,0.034770873142995644,5
300000,0.08786499999999998,0.08,0.11000000000000004,0.11999999999999994,1.0,4140,4140,0.034770873142995644,6
300000,0.08728999999999999,0.08,0.10999999999999999,0.11999999999999994,1.0,4133,4133,0.034770873142995644,7
300000,0.08824599999999999,0.08999999999999997,0.10999999999999999,0.10999999999999999,1.0,4139,4139,0.034770873142995644,8
300000,0.08789,0.07999999999999999,0.10999999999999999,0.1100000000000001,1.0,4137,4137,0.034770873142995644,9
300000,0.087918,0.08999999999999997,0.11000000000000004,0.11999999999999994,1.0,4133,4133,0.034770873142995644,10
300000,0.08754499999999998,0.08999999999999997,0.10999999999999999,0.10999999999999999,1.0,4146,4146,0.034770873142995644,11
300000,0.08707799999999997,0.07999999999999999,0.10999999999999999,0.10999999999999999,1.0,4147,4147,0.034770873142995644,12
300000,0.08685399999999997,0.08999999999999997,0.11999999999999994,0.12,1.0,4129,4129,0.034770873142995644,13
300000,0.08837899999999997,0.08999999999999997,0.10999999999999999,0.10999999999999999,1.0,4130,4130,0.034770873142995644,14
300000,0.08714999999999998,0.08,0.10999999999999999,0.10999999999999999,1.0,4151,4151,0.034770873142995644,15
300000,0.08731799999999999,0.08,0.10999999999999999,0.10999999999999999,1.0,4151,4151,0.034770873142995644,16
300000,0.08741299999999999,0.08999999999999997,0.10999999999999999,0.11000000000000004,1.0,4145,4145,0.034770873142995644,17
300000,0.086838,0.08,0.10999999999999999,0.10999999999999999,1.0,4150,4150,0.034770873142995644,18
300000,0.08720599999999999,0.07999999999999999,0.10999999999999999,0.10999999999999999,1.0,4140,4140,0.034770873142995644,19
300000,0.08680599999999998,0.07999999999999999,0.10999999999999999,0.11999999999999994,1.0,4153,4153,0.034770873142995644,20
300000,0.087781,0.08999999999999997,0.11000000000000001,0.12,1.0,4128,4128,0.034770873142995644,21
300000,0.08769999999999999,0.08000000000000002,0.10999999999999999,0.11999999999999994,1.0,4128,4128,0.034770873142995644,22
300000,0.08682099999999998,0.08999999999999997,0.10999999999999999,0.11999999999999994,1.0,4130,4130,0.034770873142995644,23
300000,0.088681,0.08999999999999997,0.10999999999999999,0.12,1.0,4121,4121,0.034770873142995644,24
300000,0.08727099999999999,0.07999999999999999,0.10999999999999999,0.10999999999999999,1.0,4147,4147,0.034770873142995644,25
300000,0.08601999999999999,0.08999999999999997,0.10999999999999999,0.10999999999999999,1.0,4142,4142,0.034770873142995644,26
300000,0.08699199999999999,0.07999999999999999,0.10999999999999999,0.10999999999999999,1.0,4157,4157,0.034770873142995644,27
300000,0.08736899999999999,0.08999999999999997,0.10999999999999999,0.10999999999999999,1.0,4146,4146,0.034770873142995644,28
300000,0.08739299999999998,0.08999999999999997,0.10999999999999999,0.10999999999999999,1.0,4154,4154,0.034770873142995644,29
300000,0.084909,0.08999999999999997,0.10999999999999999,0.10999999999999999,1.0,4165,4165,0.034770873142995644,30
300000,0.08871999999999998,0.08000000000000007,0.10999999999999999,0.12,1.0,4120,4120,0.034770873142995644,31
300000,0.08679399999999998,0.07999999999999999,0.10999999999999999,0.10999999999999999,1.0,4145,4145,0.034770873142995644,32
300000,0.086569,0.08,0.10999999999999999,0.10999999999999999,1.0,4169,4169,0.034770873142995644,33
300000,0.088334,0.08999999999999997,0.10999999999999999,0.10999999999999999,1.0,4140,4140,0.034770873142995644,34
300000,0.08526299999999999,0.08,0.10999999999999999,0.10999999999999999,1.0,4147,4147,0.034770873142995644,35
300000,0.08689,0.07999999999999999,0.10999999999999999,0.10999999999999999,1.0,4153,4153,0.034770873142995644,36
300000,0.087588,0.08999999999999997,0.10999999999999999,0.10999999999999999,1.0,4138,4138,0.034770873142995644,37
300000,0.086432,0.08,0.10999999999999999,0.10999999999999999,1.0,4163,4163,0.034770873142995644,38
300000,0.087596,0.08999999999999997,0.10999999999999999,0.10999999999999999,1.0,4147,4147,0.034770873142995644,39
300000,0.08515199999999999,0.07999999999999999,0.10999999999999999,0.10999999999999999,1.0,4156,4156,0.034770873142995644,40
300000,0.087382,0.08,0.10999999999999999,0.10999999999999999,1.0,4147,4147,0.034770873142995644,41
300000,0.08847,0.08999999999999997,0.10999999999999999,0.10999999999999999,1.0,4130,4130,0.034770873142995644,42
300000,0.087557,0.07999999999999999,0.12,0.12,1.0,4134,4134,0.034770873142995644,43
300000,0.08648399999999999,0.08999999999999997,0.10999999999999999,0.10999999999999999,1.0,4153,4153,0.034770873142995644,44
300000,0.088383,0.08999999999999997,0.10999999999999999,0.10999999999999999,1.0,4142,4142,0.034770873142995644,45
300000,0.08766099999999999,0.08999999999999997,0.10999999999999999,0.11999999999999994,1.0,4143,4143,0.034770873142995644,46
300000,0.088552,0.08999999999999997,0.10999999999999999,0.12,1.0,4118,4118,0.034770873142995644,47
300000,0.08738699999999998,0.08,0.10999999999999999,0.12,1.0,4143,4143,0.034770873142995644,48
300000,0.08501899999999998,0.08,0.10999999999999999,0.11999999999999994,1.0,4151,4151,0.034770873142995644,49
300000,0.08750899999999998,0.08999999999999997,0.10999999999999999,0.10999999999999999,1.0,4151,4151,0.034770873142995644,50
300000,0.087239,0.08999999999999997,0.10999999999999999,0.10999999999999999,1.0,4154,4154,0.034770873142995644,51
300000,0.086948,0.07999999999999999,0.10999999999999999,0.10999999999999999,1.0,4144,4144,0.034770873142995644,52
300000,0.08762399999999998,0.08999999999999997,0.10999999999999999,0.11000000000000004,1.0,4132,4132,0.034770873142995644,53
300000,0.08772099999999998,0.08999999999999997,0.10999999999999999,0.11000000000000004,1.0,4143,4143,0.034770873142995644,54
300000,0.08717399999999999,0.08999999999999997,0.10999999999999999,0.10999999999999999,1.0,4155,4155,0.034770873142995644,55
300000,0.088058,0.08999999999999997,0.10999999999999999,0.11000000000000004,1.0,4137,4137,0.034770873142995644,56
300000,0.08766399999999999,0.08,0.10999999999999999,0.11999999999999994,1.0,4136,4136,0.034770873142995644,57
300000,0.08787099999999999,0.07999999999999999,0.10999999999999999,0.12,1.0,4142,4142,0.034770873142995644,58
300000,0.08721799999999999,0.07999999999999999,0.10999999999999999,0.10999999999999999,1.0,4155,4155,0.034770873142995644,59
300000,0.08809999999999998,0.08999999999999997,0.10999999999999999,0.10999999999999999,1.0,4145,4145,0.034770873142995644,60
300000,0.08752499999999998,0.08999999999999997,0.10999999999999999,0.10999999999999999,1.0,4149,4149,0.034770873142995644,61
300000,0.087967,0.08999999999999997,0.10999999999999999,0.11000000000000004,1.0,4144,4144,0.034770873142995644,62
300000,0.088159,0.08999999999999997,0.10999999999999999,0.10999999999999999,1.0,4144,4144,0.034770873142995644,63
300000,0.085922,0.08999999999999997,0.11000000000000004,0.12,1.0,4117,4117,0.034770873142995644,64
300000,0.087709,0.08999999999999997,0.11000000000000004,0.11000000000000004,1.0,4138,4138,0.034770873142995644,65
300000,0.087657,0.08999999999999997,0.10999999999999999,0.10999999999999999,1.0,4146,4146,0.034770873142995644,66
300000,0.08659199999999999,0.08,0.10999999999999999,0.10999999999999999,1.0,4152,4152,0.034770873142995644,67
300000,0.086647,0.08999999999999997,0.10999999999999999,0.10999999999999999,1.0,4158,4158,0.034770873142995644,68
300000,0.08783,0.08999999999999997,0.10999999999999999,0.11999999999999994,1.0,4131,4131,0.034770873142995644,69
300000,0.086988,0.08000000000000007,0.10999999999999999,0.10999999999999999,1.0,4145,4145,0.034770873142995644,70
300000,0.08628199999999997,0.08999999999999997,0.10999999999999999,0.10999999999999999,1.0,4163,4163,0.034770873142995644,71
300000,0.085891,0.07999999999999999,0.10999999999999999,0.12,1.0,4131,4131,0.034770873142995644,72
300000,0.086611,0.08000000000000002,0.10999999999999999,0.10999999999999999,1.0,4169,4169,0.034770873142995644,73
300000,0.087855,0.08999999999999997,0.10999999999999999,0.10999999999999999,1.0,4156,4156,0.034770873142995644,74
300000,0.087534,0.08999999999999997,0.11000000000000004,0.11000000000000004,1.0,4142,4142,0.034770873142995644,75
300000,0.08599399999999999,0.08,0.10999999999999999,0.10999999999999999,1.0,4138,4138,0.034770873142995644,76
300000,0.08735899999999999,0.08999999999999997,0.10999999999999999,0.11000000000000004,1.0,4153,4153,0.034770873142995644,77
300000,0.08750799999999999,0.07999999999999999,0.10999999999999999,0.12,1.0,4138,4138,0.034770873142995644,78
300000,0.08765099999999998,0.08999999999999997,0.10999999999999999,0.10999999999999999,1.0,4160,4160,0.034770873142995644,79
300000,0.08716499999999999,0.08999999999999997,0.10999999999999999,0.10999999999999999,1.0,4143,4143,0.034770873142995644,80
300000,0.085657,0.08,0.10999999999999999,0.10999999999999999,1.0,4144,4144,0.034770873142995644,81
300000,0.08694099999999999,0.08999999999999997,0.10999999999999999,0.10999999999999999,1.0,4162,4162,0.034770873142995644,82
300000,0.08712799999999998,0.08999999999999997,0.10999999999999999,0.10999999999999999,1.0,4153,4153,0.034770873142995644,83
300000,0.08701099999999999,0.08,0.10999999999999999,0.10999999999999999,1.0,4152,4152,0.034770873142995644,84
300000,0.08730599999999998,0.08999999999999997,0.10999999999999999,0.10999999999999999,1.0,4143,4143,0.034770873142995644,85
300000,0.088388,0.08999999999999997,0.10999999999999999,0.10999999999999999,1.0,4143,4143,0.034770873142995644,86
300000,0.08741899999999998,0.07999999999999999,0.10999999999999999,0.11999999999999994,1.0,4131,4131,0.034770873142995644,87
300000,0.08807699999999997,0.07999999999999999,0.10999999999999999,0.11999999999999994,1.0,4130,4130,0.034770873142995644,88
300000,0.08703099999999997,0.08,0.10999999999999999,0.10999999999999999,1.0,4152,4152,0.034770873142995644,89
300000,0.08736899999999999,0.08000000000000002,0.10999999999999999,0.10999999999999999,1.0,4155,4155,0.034770873142995644,90
300000,0.087726,0.08000000000000002,0.10999999999999999,0.10999999999999999,1.0,4147,4147,0.034770873142995644,91
300000,0.08679999999999999,0.08,0.10999999999999999,0.10999999999999999,1.0,4153,4153,0.034770873142995644,92
300000,0.08563199999999999,0.08,0.10999999999999999,0.10999999999999999,1.0,4144,4144,0.034770873142995644,93
300000,0.085487,0.08,0.10999999999999999,0.12,1.0,4133,4133,0.034770873142995644,94
300000,0.08544699999999998,0.08999999999999997,0.11000000000000004,0.11000000000000004,1.0,4135,4135,0.034770873142995644,95
300000,0.08470099999999998,0.07999999999999999,0.10999999999999999,0.10999999999999999,1.0,4164,4164,0.034770873142995644,96
300000,0.087283,0.08999999999999997,0.10999999999999999,0.10999999999999999,1.0,4159,4159,0.034770873142995644,97
300000,0.088658,0.08999999999999997,0.10999999999999999,0.12,1.0,4120,4120,0.034770873142995644,98
300000,0.08767799999999998,0.08999999999999997,0.10999999999999999,0.10999999999999999,1.0,4144,4144,0.034770873142995644,99
1000000,0.060618999999999985,0.06,0.07999999999999996,0.07999999999999996,1.0,4450,4450,0.02399508612242885,0
1000000,0.060331999999999976,0.06,0.07999999999999996,0.07999999999999996,1.0,4453,4453,0.02399508612242885,1
1000000,0.061231999999999974,0.05999999999999994,0.07999999999999996,0.07999999999999996,1.0,4447,4447,0.02399508612242885,2
1000000,0.06075099999999998,0.06,0.07999999999999996,0.07999999999999996,1.0,4449,4449,0.02399508612242885,3
1000000,0.05906199999999997,0.06,0.07999999999999996,0.07999999999999996,1.0,4455,4455,0.02399508612242885,4
1000000,0.06076399999999999,0.06,0.07999999999999996,0.07999999999999996,1.0,4449,4449,0.02399508612242885,5
1000000,0.05882999999999997,0.06,0.07999999999999996,0.07999999999999996,1.0,4447,4447,0.02399508612242885,6
1000000,0.06013399999999997,0.06,0.07999999999999996,0.07999999999999996,1.0,4454,4454,0.02399508612242885,7
1000000,0.060771999999999986,0.06,0.07999999999999996,0.07999999999999996,1.0,4447,4447,0.02399508612242885,8
1000000,0.06140899999999997,0.06,0.07999999999999996,0.07999999999999996,1.0,4457,4457,0.02399508612242885,9
1000000,0.058902999999999976,0.06,0.07999999999999996,0.07999999999999996,1.0,4458,4458,0.02399508612242885,10
1000000,0.05897599999999998,0.06,0.07999999999999996,0.07999999999999996,1.0,4460,4460,0.02399508612242885,11
1000000,0.06104599999999998,0.06,0.07999999999999996,0.07999999999999996,1.0,4460,4460,0.02399508612242885,12
1000000,0.06183999999999998,0.06,0.07999999999999996,0.07999999999999996,1.0,4448,4448,0.02399508612242885,13
1000000,0.058881999999999976,0.05999999999999994,0.07999999999999996,0.07999999999999996,1.0,4453,4453,0.02399508612242885,14
1000000,0.059838999999999976,0.06,0.07999999999999996,0.07999999999999996,1.0,4453,4453,0.02399508612242885,15
1000000,0.06168799999999999,0.06,0.07999999999999996,0.07999999999999996,1.0,4450,4450,0.02399508612242885,16
1000000,0.06039499999999998,0.06,0.07999999999999996,0.07999999999999996,1.0,4453,4453,0.02399508612242885,17
1000000,0.06122299999999998,0.06,0.07999999999999996,0.07999999999999996,1.0,4448,4448,0.02399508612242885,18
1000000,0.06057499999999998,0.06,0.07999999999999996,0.07999999999999996,1.0,4449,4449,0.02399508612242885,19
1000000,0.05998499999999997,0.05999999999999994,0.07999999999999996,0.07999999999999996,1.0,4455,4455,0.02399508612242885,20
1000000,0.06057399999999998,0.06,0.07999999999999996,0.07999999999999996,1.0,4450,4450,0.02399508612242885,21
1000000,0.06043199999999997,0.06,0.07999999999999996,0.07999999999999996,1.0,4451,4451,0.02399508612242885,22
1000000,0.05958999999999999,0.06,0.07999999999999996,0.07999999999999996,1.0,4458,4458,0.02399508612242885,23
1000000,0.05887399999999998,0.06,0.07999999999999996,0.07999999999999996,1.0,4450,4450,0.02399508612242885,24
1000000,0.05925899999999997,0.06,0.07999999999999996,0.07999999999999996,1.0,4452,4452,0.02399508612242885,25
1000000,0.06111099999999997,0.06,0.07999999999999996,0.07999999999999996,1.0,4446,4446,0.02399508612242885,26
1000000,0.05990599999999997,0.05999999999999994,0.07999999999999996,0.07999999999999996,1.0,4452,4452,0.02399508612242885,27
1000000,0.06151599999999999,0.06,0.07999999999999996,0.07999999999999996,1.0,4452,4452,0.02399508612242885,28
1000000,0.060722999999999985,0.06,0.07999999999999996,0.07999999999999996,1.0,4448,4448,0.02399508612242885,29
1000000,0.061926999999999975,0.06,0.07999999999999996,0.07999999999999996,1.0,4446,4446,0.02399508612242885,30
1000000,0.06029499999999996,0.06,0.07999999999999996,0.07999999999999996,1.0,4447,4447,0.02399508612242885,31
1000000,0.06130199999999999,0.06,0.07999999999999996,0.08000000000000007,1.0,4434,4434,0.02399508612242885,32
1000000,0.060116999999999976,0.05999999999999994,0.07999999999999996,0.07999999999999996,1.0,4452,4452,0.02399508612242885,33
1000000,0.06096899999999999,0.06,0.07999999999999996,0.07999999999999996,1.0,4453,4453,0.02399508612242885,34
1000000,0.06175099999999998,0.06,0.07999999999999996,0.07999999999999996,1.0,4446,4446,0.02399508612242885,35
1000000,0.060207,0.06,0.07999999999999996,0.07999999999999996,1.0,4455,4455,0.02399508612242885,36
1000000,0.061379999999999976,0.06,0.07999999999999996,0.07999999999999996,1.0,4439,4439,0.02399508612242885,37
1000000,0.06201299999999998,0.06,0.07999999999999996,0.07999999999999996,1.0,4437,4437,0.02399508612242885,38
1000000,0.06055099999999998,0.06,0.07999999999999996,0.07999999999999996,1.0,4449,4449,0.02399508612242885,39
1000000,0.062020999999999986,0.06,0.07999999999999996,0.07999999999999996,1.0,4444,4444,0.02399508612242885,40
1000000,0.06055999999999997,0.06,0.07999999999999996,0.07999999999999996,1.0,4451,4451,0.02399508612242885,41
1000000,0.05850399999999998,0.05999999999999994,0.07999999999999996,0.07999999999999996,1.0,4459,4459,0.02399508612242885,42
1000000,0.059238999999999965,0.06,0.07999999999999996,0.07999999999999996,1.0,4450,4450,0.02399508612242885,43
1000000,0.061883999999999974,0.05999999999999994,0.07999999999999996,0.07999999999999996,1.0,4446,4446,0.02399508612242885,44
1000000,0.06083699999999997,0.06,0.07999999999999996,0.07999999999999996,1.0,4451,4451,0.02399508612242885,45
1000000,0.06061299999999999,0.06,0.07999999999999996,0.07999999999999996,1.0,4434,4434,0.02399508612242885,46
1000000,0.06052499999999999,0.06,0.07999999999999996,0.08000000000000002,1.0,4437,4437,0.02399508612242885,47
1000000,0.061683999999999975,0.06,0.07999999999999996,0.07999999999999996,1.0,4440,4440,0.02399508612242885,48
1000000,0.06205699999999997,0.06,0.07999999999999996,0.07999999999999996,1.0,4436,4436,0.02399508612242885,49
1000000,0.05957699999999998,0.06,0.07999999999999996,0.07999999999999996,1.0,4452,4452,0.02399508612242885,50
1000000,0.06132699999999998,0.06,0.07999999999999996,0.07999999999999996,1.0,4449,4449,0.02399508612242885,51
1000000,0.061980999999999974,0.06,0.07999999999999996,0.07999999999999996,1.0,4444,4444,0.02399508612242885,52
1000000,0.058869999999999985,0.06,0.07999999999999996,0.07999999999999996,1.0,4454,4454,0.02399508612242885,53
1000000,0.05851899999999999,0.06,0.07999999999999996,0.07999999999999996,1.0,4456,4456,0.02399508612242885,54
1000000,0.06012699999999998,0.06,0.07999999999999996,0.07999999999999996,1.0,4446,4446,0.02399508612242885,55
1000000,0.05879699999999998,0.06,0.07999999999999996,0.07999999999999996,1.0,4459,4459,0.02399508612242885,56
1000000,0.060715999999999985,0.06,0.07999999999999996,0.07999999999999996,1.0,4437,4437,0.02399508612242885,57
1000000,0.05951099999999997,0.06,0.07999999999999996,0.07999999999999996,1.0,4438,4438,0.02399508612242885,58
1000000,0.05884399999999999,0.05999999999999994,0.07999999999999996,0.07999999999999996,1.0,4457,4457,0.02399508612242885,59
1000000,0.06083499999999997,0.05999999999999994,0.07999999999999996,0.08000000000000002,1.0,4434,4434,0.02399508612242885,60
1000000,0.06046299999999997,0.06,0.07999999999999996,0.07999999999999996,1.0,4452,4452,0.02399508612242885,61
1000000,0.059256999999999976,0.06,0.07999999999999996,0.07999999999999996,1.0,4450,4450,0.02399508612242885,62
1000000,0.06214099999999999,0.06,0.07999999999999996,0.07999999999999996,1.0,4437,4437,0.02399508612242885,63
1000000,0.060445999999999986,0.06,0.07999999999999996,0.07999999999999996,1.0,4445,4445,0.02399508612242885,64
1000000,0.060742999999999985,0.06,0.07999999999999996,0.07999999999999996,1.0,4440,4440,0.02399508612242885,65
1000000,0.060782999999999976,0.06,0.07999999999999996,0.07999999999999996,1.0,4448,4448,0.02399508612242885,66
1000000,0.060433999999999974,0.05999999999999994,0.07999999999999996,0.07999999999999996,1.0,4446,4446,0.02399508612242885,67
1000000,0.062114999999999976,0.06,0.07999999999999996,0.07999999999999996,1.0,4440,4440,0.02399508612242885,68
1000000,0.05990399999999998,0.05999999999999994,0.07999999999999996,0.07999999999999996,1.0,4451,4451,0.02399508612242885,69
1000000,0.06085599999999997,0.06,0.07999999999999996,0.07999999999999996,1.0,4441,4441,0.02399508612242885,70
1000000,0.059689999999999986,0.06,0.07999999999999996,0.07999999999999996,1.0,4445,4445,0.02399508612242885,71
1000000,0.06036299999999999,0.06,0.07999999999999996,0.07999999999999996,1.0,4454,4454,0.02399508612242885,72
1000000,0.058945999999999985,0.06,0.07999999999999996,0.07999999999999996,1.0,4449,4449,0.02399508612242885,73
1000000,0.05881399999999999,0.06,0.07999999999999996,0.07999999999999996,1.0,4454,4454,0.02399508612242885,74
1000000,0.060847999999999985,0.06,0.07999999999999996,0.07999999999999996,1.0,4445,4445,0.02399508612242885,75
1000000,0.06145099999999998,0.06,0.07999999999999996,0.07999999999999996,1.0,4450,4450,0.02399508612242885,76
1000000,0.05878199999999997,0.06,0.07999999999999996,0.07999999999999996,1.0,4453,4453,0.02399508612242885,77
1000000,0.06088299999999997,0.06,0.07999999999999996,0.07999999999999996,1.0,4447,4447,0.02399508612242885,78
1000000,0.060597999999999985,0.06,0.07999999999999996,0.07999999999999996,1.0,4455,4455,0.02399508612242885,79
1000000,0.06153399999999999,0.06,0.07999999999999996,0.07999999999999996,1.0,4447,4447,0.02399508612242885,80
1000000,0.060521999999999986,0.06,0.07999999999999996,0.07999999999999996,1.0,4450,4450,0.02399508612242885,81
1000000,0.06059399999999999,0.06,0.07999999999999996,0.07999999999999996,1.0,4449,4449,0.02399508612242885,82
1000000,0.06090299999999998,0.05999999999999994,0.07999999999999996,0.07999999999999996,1.0,4439,4439,0.02399508612242885,83
1000000,0.06198899999999997,0.05999999999999994,0.07999999999999996,0.07999999999999996,1.0,4445,4445,0.02399508612242885,84
1000000,0.06073799999999999,0.06,0.07999999999999996,0.07999999999999996,1.0,4446,4446,0.02399508612242885,85
1000000,0.06022099999999997,0.05999999999999994,0.07999999999999996,0.07999999999999996,1.0,4452,4452,0.02399508612242885,86
1000000,0.05905199999999998,0.06,0.07999999999999996,0.07999999999999996,1.0,4458,4458,0.02399508612242885,87
1000000,0.06035799999999998,0.06,0.07999999999999996,0.07999999999999996,1.0,4457,4457,0.02399508612242885,88
1000000,0.06073399999999998,0.06,0.07999999999999996,0.07999999999999996,1.0,4446,4446,0.02399508612242885,89
1000000,0.060005999999999976,0.05999999999999994,0.07999999999999996,0.07999999999999996,1.0,4455,4455,0.02399508612242885,90
1000000,0.058790999999999975,0.06,0.07999999999999996,0.07999999999999996,1.0,4449,4449,0.02399508612242885,91
1000000,0.06128999999999997,0.06,0.07999999999999996,0.07999999999999996,1.0,4453,4453,0.02399508612242885,92
1000000,0.05906199999999999,0.06,0.07999999999999996,0.07999999999999996,1.0,4452,4452,0.02399508612242885,93
1000000,0.06014899999999998,0.06,0.07999999999999996,0.07999999999999996,1.0,4448,4448,0.02399508612242885,94
1000000,0.061943999999999985,0.06,0.07999999999999996,0.07999999999999996,1.0,4450,4450,0.02399508612242885,95
1000000,0.06090399999999998,0.06,0.07999999999999996,0.07999999999999996,1.0,4442,4442,0.02399508612242885,96
1000000,0.058847999999999984,0.06,0.07999999999999996,0.07999999999999996,1.0,4454,4454,0.02399508612242885,97
1000000,0.06006299999999997,0.06,0.07999999999999996,0.07999999999999996,1.0,4441,4441,0.02399508612242885,98
1000000,0.060363999999999966,0.05999999999999994,0.07999999999999996,0.07999999999999996,1.0,4445,4445,0.02399508612242885,99
3000000,0.044213999999999976,0.040000000000000036,0.06,0.06,1.0,4632,4632,0.017067064132745502,0
3000000,0.04359599999999998,0.040000000000000036,0.05999999999999994,0.06,1.0,4640,4640,0.017067064132745502,1
3000000,0.04300099999999998,0.040000000000000036,0.05999999999999994,0.06,1.0,4646,4646,0.017067064132745502,2
3000000,0.044068999999999976,0.040000000000000036,0.05999999999999994,0.06,1.0,4636,4636,0.017067064132745502,3
3000000,0.04357499999999998,0.040000000000000036,0.05999999999999994,0.06,1.0,4641,4641,0.017067064132745502,4
3000000,0.043304999999999975,0.040000000000000036,0.05999999999999994,0.06,1.0,4638,4638,0.017067064132745502,5
3000000,0.04417699999999998,0.040000000000000036,0.06,0.06,1.0,4633,4633,0.017067064132745502,6
3000000,0.043818999999999976,0.040000000000000036,0.05999999999999994,0.06,1.0,4639,4639,0.017067064132745502,7
3000000,0.043054999999999975,0.040000000000000036,0.05999999999999994,0.06,1.0,4642,4642,0.017067064132745502,8
3000000,0.04415399999999998,0.040000000000000036,0.06,0.06,1.0,4636,4636,0.017067064132745502,9
3000000,0.043401999999999975,0.040000000000000036,0.05999999999999994,0.06,1.0,4639,4639,0.017067064132745502,10
3000000,0.043222999999999984,0.040000000000000036,0.05999999999999994,0.06,1.0,4645,4645,0.017067064132745502,11
3000000,0.043886999999999975,0.040000000000000036,0.05999999999999994,0.06,1.0,4639,4639,0.017067064132745502,12
3000000,0.04352599999999998,0.040000000000000036,0.05999999999999994,0.06,1.0,4636,4636,0.017067064132745502,13
3000000,0.04311699999999998,0.040000000000000036,0.05999999999999994,0.06,1.0,4647,4647,0.017067064132745502,14
3000000,0.04360899999999998,0.040000000000000036,0.05999999999999994,0.06,1.0,4638,4638,0.017067064132745502,15
3000000,0.04336299999999998,0.040000000000000036,0.05999999999999994,0.06,1.0,4641,4641,0.017067064132745502,16
3000000,0.043602999999999975,0.040000000000000036,0.05999999999999994,0.06,1.0,4637,4637,0.017067064132745502,17
3000000,0.04350599999999998,0.040000000000000036,0.05999999999999994,0.06,1.0,4637,4637,0.017067064132745502,18
3000000,0.043664999999999975,0.040000000000000036,0.05999999999999994,0.06,1.0,4641,4641,0.017067064132745502,19
3000000,0.043956999999999975,0.040000000000000036,0.05999999999999994,0.06,1.0,4636,4636,0.017067064132745502,20
3000000,0.04419799999999998,0.040000000000000036,0.06,0.06,1.0,4630,4630,0.017067064132745502,21
3000000,0.04340599999999998,0.040000000000000036,0.05999999999999994,0.06,1.0,4642,4642,0.017067064132745502,22
3000000,0.043671999999999975,0.040000000000000036,0.05999999999999994,0.06,1.0,4639,4639,0.017067064132745502,23
3000000,0.04382799999999998,0.040000000000000036,0.05999999999999994,0.06,1.0,4636,4636,0.017067064132745502,24
3000000,0.04397299999999998,0.040000000000000036,0.06,0.06,1.0,4634,4634,0.017067064132745502,25
3000000,0.04331999999999998,0.040000000000000036,0.05999999999999994,0.06,1.0,4637,4637,0.017067064132745502,26
3000000,0.042954999999999986,0.040000000000000036,0.05999999999999994,0.06,1.0,4646,4646,0.017067064132745502,27
3000000,0.04408799999999998,0.040000000000000036,0.05999999999999994,0.06,1.0,4635,4635,0.017067064132745502,28
3000000,0.043645999999999976,0.040000000000000036,0.06,0.06,1.0,4642,4642,0.017067064132745502,29
3000000,0.04303199999999997,0.040000000000000036,0.05999999999999994,0.05999999999999994,1.0,4648,4648,0.017067064132745502,30
3000000,0.043970999999999975,0.040000000000000036,0.06,0.06,1.0,4632,4632,0.017067064132745502,31
3000000,0.04330099999999998,0.040000000000000036,0.05999999999999994,0.06,1.0,4645,4645,0.017067064132745502,32
3000000,0.04388399999999998,0.040000000000000036,0.05999999999999994,0.06,1.0,4636,4636,0.017067064132745502,33
3000000,0.04321599999999998,0.040000000000000036,0.05999999999999994,0.06,1.0,4640,4640,0.017067064132745502,34
3000000,0.043328999999999986,0.040000000000000036,0.05999999999999994,0.05999999999999994,1.0,4643,4643,0.017067064132745502,35
3000000,0.04357099999999997,0.040000000000000036,0.05999999999999994,0.06,1.0,4638,4638,0.017067064132745502,36
3000000,0.04321999999999998,0.040000000000000036,0.05999999999999994,0.06,1.0,4641,4641,0.017067064132745502,37
3000000,0.04318899999999998,0.040000000000000036,0.05999999999999994,0.06,1.0,4646,4646,0.017067064132745502,38
3000000,0.04387699999999998,0.040000000000000036,0.05999999999999994,0.06,1.0,4638,4638,0.017067064132745502,39
3000000,0.04343499999999998,0.040000000000000036,0.05999999999999994,0.06,1.0,4642,4642,0.017067064132745502,40
3000000,0.043914999999999975,0.040000000000000036,0.06,0.06,1.0,4636,4636,0.017067064132745502,41
3000000,0.04317199999999997,0.040000000000000036,0.05999999999999994,0.05999999999999994,1.0,4644,4644,0.017067064132745502,42
3000000,0.04385099999999998,0.040000000000000036,0.06,0.06,1.0,4638,4638,0.017067064132745502,43
3000000,0.04336399999999998,0.040000000000000036,0.05999999999999994,0.06,1.0,4641,4641,0.017067064132745502,44
3000000,0.04316299999999998,0.040000000000000036,0.06,0.06,1.0,4640,4640,0.017067064132745502,45
3000000,0.04406999999999997,0.040000000000000036,0.05999999999999994,0.06,1.0,4632,4632,0.017067064132745502,46
3000000,0.043663999999999974,0.040000000000000036,0.05999999999999994,0.05999999999999994,1.0,4635,4635,0.017067064132745502,47
3000000,0.04392999999999998,0.040000000000000036,0.05999999999999994,0.06,1.0,4634,4634,0.017067064132745502,48
3000000,0.043055999999999976,0.040000000000000036,0.05999999999999994,0.06,1.0,4647,4647,0.017067064132745502,49
3000000,0.04414199999999997,0.040000000000000036,0.06,0.06,1.0,4635,4635,0.017067064132745502,50
3000000,0.04345999999999998,0.040000000000000036,0.05999999999999994,0.06,1.0,4642,4642,0.017067064132745502,51
3000000,0.04405299999999998,0.040000000000000036,0.06,0.06,1.0,4630,4630,0.017067064132745502,52
3000000,0.04330799999999998,0.040000000000000036,0.05999999999999994,0.06,1.0,4637,4637,0.017067064132745502,53
3000000,0.04342099999999998,0.040000000000000036,0.05999999999999994,0.06,1.0,4643,4643,0.017067064132745502,54
3000000,0.043303999999999974,0.040000000000000036,0.05999999999999994,0.06,1.0,4645,4645,0.017067064132745502,55
3000000,0.043834999999999985,0.040000000000000036,0.06,0.06,1.0,4638,4638,0.017067064132745502,56
3000000,0.04443099999999997,0.040000000000000036,0.06,0.06,1.0,4632,4632,0.017067064132745502,57
3000000,0.04300399999999998,0.040000000000000036,0.05999999999999994,0.06,1.0,4645,4645,0.017067064132745502,58
3000000,0.04342699999999997,0.040000000000000036,0.05999999999999994,0.06,1.0,4642,4642,0.017067064132745502,59
3000000,0.043041999999999976,0.040000000000000036,0.05999999999999994,0.06,1.0,4645,4645,0.017067064132745502,60
3000000,0.04351499999999998,0.040000000000000036,0.05999999999999994,0.05999999999999994,1.0,4642,4642,0.017067064132745502,61
3000000,0.04421699999999998,0.040000000000000036,0.05999999999999994,0.06,1.0,4634,4634,0.017067064132745502,62
3000000,0.04367199999999998,0.040000000000000036,0.05999999999999994,0.06,1.0,4636,4636,0.017067064132745502,63
3000000,0.043838999999999975,0.040000000000000036,0.05999999999999994,0.06,1.0,4640,4640,0.017067064132745502,64
3000000,0.04341299999999998,0.040000000000000036,0.05999999999999994,0.06,1.0,4637,4637,0.017067064132745502,65
3000000,0.04384899999999998,0.040000000000000036,0.06,0.06,1.0,4635,4635,0.017067064132745502,66
3000000,0.04395399999999998,0.040000000000000036,0.06,0.06,1.0,4631,4631,0.017067064132745502,67
3000000,0.04362699999999997,0.040000000000000036,0.05999999999999994,0.06,1.0,4640,4640,0.017067064132745502,68
3000000,0.043691999999999974,0.040000000000000036,0.05999999999999994,0.06,1.0,4641,4641,0.017067064132745502,69
3000000,0.04336299999999998,0.040000000000000036,0.05999999999999994,0.06,1.0,4641,4641,0.017067064132745502,70
3000000,0.04341299999999998,0.040000000000000036,0.05999999999999994,0.06,1.0,4642,4642,0.017067064132745502,71
3000000,0.04371099999999998,0.040000000000000036,0.05999999999999994,0.06,1.0,4639,4639,0.017067064132745502,72
3000000,0.04375699999999998,0.040000000000000036,0.05999999999999994,0.06,1.0,4637,4637,0.017067064132745502,73
3000000,0.04395499999999997,0.040000000000000036,0.05999999999999994,0.06,1.0,4635,4635,0.017067064132745502,74
3000000,0.04293199999999997,0.040000000000000036,0.05999999999999994,0.06,1.0,4646,4646,0.017067064132745502,75
3000000,0.04391399999999999,0.040000000000000036,0.05999999999999994,0.06,1.0,4640,4640,0.017067064132745502,76
3000000,0.04307999999999997,0.040000000000000036,0.05999999999999994,0.06,1.0,4649,4649,0.017067064132745502,77
3000000,0.043883999999999986,0.040000000000000036,0.05999999999999994,0.06,1.0,4633,4633,0.017067064132745502,78
3000000,0.04362299999999998,0.040000000000000036,0.05999999999999994,0.06,1.0,4640,4640,0.017067064132745502,79
3000000,0.04322499999999998,0.040000000000000036,0.05999999999999994,0.06,1.0,4647,4647,0.017067064132745502,80
3000000,0.04375799999999999,0.040000000000000036,0.05999999999999994,0.06,1.0,4637,4637,0.017067064132745502,81
3000000,0.04371899999999999,0.040000000000000036,0.05999999999999994,0.06,1.0,4633,4633,0.017067064132745502,82
3000000,0.04315099999999998,0.040000000000000036,0.06,0.06,1.0,4641,4641,0.017067064132745502,83
3000000,0.04309999999999998,0.040000000000000036,0.05999999999999994,0.06,1.0,4642,4642,0.017067064132745502,84
3000000,0.04349199999999998,0.040000000000000036,0.05999999999999994,0.06,1.0,4635,4635,0.017067064132745502,85
3000000,0.04271199999999998,0.040000000000000036,0.05999999999999994,0.05999999999999994,1.0,4650,4650,0.017067064132745502,86
3000000,0.04303199999999998,0.040000000000000036,0.05999999999999994,0.06,1.0,4646,4646,0.017067064132745502,87
3000000,0.04366799999999998,0.040000000000000036,0.06,0.06,1.0,4638,4638,0.017067064132745502,88
3000000,0.04347599999999998,0.040000000000000036,0.05999999999999994,0.06,1.0,4641,4641,0.017067064132745502,89
3000000,0.04329699999999998,0.040000000000000036,0.05999999999999994,0.06,1.0,4639,4639,0.017067064132745502,90
3000000,0.04353699999999998,0.040000000000000036,0.05999999999999994,0.06,1.0,4640,4640,0.017067064132745502,91
3000000,0.04356599999999997,0.040000000000000036,0.05999999999999994,0.05999999999999994,1.0,4639,4639,0.017067064132745502,92
3000000,0.04362899999999997,0.040000000000000036,0.06,0.06,1.0,4638,4638,0.017067064132745502,93
3000000,0.04366999999999998,0.040000000000000036,0.05999999999999994,0.06,1.0,4639,4639,0.017067064132745502,94
3000000,0.04355099999999998,0.040000000000000036,0.05999999999999994,0.06,1.0,4642,4642,0.017067064132745502,95
3000000,0.04338399999999998,0.040000000000000036,0.06,0.06,1.0,4640,4640,0.017067064132745502,96
3000000,0.04408299999999998,0.040000000000000036,0.05999999999999994,0.06,1.0,4635,4635,0.017067064132745502,97
3000000,0.043330999999999974,0.040000000000000036,0.05999999999999994,0.06,1.0,4637,4637,0.017067064132745502,98
3000000,0.04374499999999998,0.040000000000000036,0.06,0.06,1.0,4640,4640,0.017067064132745502,99
10000000,0.03165899999999998,0.030000000000000027,0.03999999999999998,0.040000000000000036,1.0,4780,4780,0.011724776591220462,0
10000000,0.031304999999999986,0.03,0.040000000000000036,0.040000000000000036,1.0,4784,4784,0.011724776591220462,1
10000000,0.03180899999999998,0.030000000000000027,0.03999999999999998,0.040000000000000036,1.0,4784,4784,0.011724776591220462,2
10000000,0.03147699999999999,0.03,0.040000000000000036,0.040000000000000036,1.0,4785,4785,0.011724776591220462,3
10000000,0.03145899999999998,0.030000000000000027,0.03999999999999998,0.040000000000000036,1.0,4784,4784,0.011724776591220462,4
10000000,0.03147699999999999,0.03,0.040000000000000036,0.040000000000000036,1.0,4783,4783,0.011724776591220462,5
10000000,0.031867999999999994,0.030000000000000027,0.04000000000000001,0.040000000000000036,1.0,4782,4782,0.011724776591220462,6
10000000,0.03182799999999999,0.03,0.03999999999999998,0.040000000000000036,1.0,4786,4786,0.011724776591220462,7
10000000,0.031796999999999985,0.03,0.03999999999999998,0.040000000000000036,1.0,4783,4783,0.011724776591220462,8
10000000,0.03126599999999999,0.030000000000000027,0.03999999999999998,0.040000000000000036,1.0,4788,4788,0.011724776591220462,9
10000000,0.03208599999999999,0.030000000000000027,0.03999999999999998,0.040000000000000036,1.0,4782,4782,0.011724776591220462,10
10000000,0.03162299999999998,0.03,0.03999999999999998,0.040000000000000036,1.0,4772,4772,0.011724776591220462,11
10000000,0.03145199999999999,0.03,0.03999999999999998,0.040000000000000036,1.0,4784,4784,0.011724776591220462,12
10000000,0.03179199999999999,0.03,0.040000000000000036,0.040000000000000036,1.0,4782,4782,0.011724776591220462,13
10000000,0.03171899999999998,0.03,0.04000000000000001,0.040000000000000036,1.0,4781,4781,0.011724776591220462,14
10000000,0.03214099999999999,0.030000000000000027,0.040000000000000036,0.040000000000000036,1.0,4779,4779,0.011724776591220462,15
10000000,0.03154499999999999,0.03,0.03999999999999998,0.040000000000000036,1.0,4787,4787,0.011724776591220462,16
10000000,0.03170999999999998,0.030000000000000027,0.03999999999999998,0.040000000000000036,1.0,4785,4785,0.011724776591220462,17
10000000,0.031146999999999987,0.03,0.04000000000000001,0.040000000000000036,1.0,4786,4786,0.011724776591220462,18
10000000,0.03182799999999999,0.03,0.03999999999999998,0.040000000000000036,1.0,4782,4782,0.011724776591220462,19
10000000,0.03189199999999998,0.030000000000000027,0.03999999999999998,0.040000000000000036,1.0,4785,4785,0.011724776591220462,20
10000000,0.03195599999999999,0.030000000000000027,0.040000000000000036,0.040000000000000036,1.0,4781,4781,0.011724776591220462,21
10000000,0.031410999999999994,0.03,0.040000000000000036,0.040000000000000036,1.0,4781,4781,0.011724776591220462,22
10000000,0.03130699999999998,0.03,0.03999999999999998,0.040000000000000036,1.0,4785,4785,0.011724776591220462,23
10000000,0.03197899999999999,0.030000000000000027,0.04000000000000001,0.040000000000000036,1.0,4777,4777,0.011724776591220462,24
10000000,0.031727999999999985,0.03,0.03999999999999998,0.040000000000000036,1.0,4785,4785,0.011724776591220462,25
10000000,0.03147699999999999,0.03,0.03999999999999998,0.040000000000000036,1.0,4786,4786,0.011724776591220462,26
10000000,0.03167099999999999,0.03,0.040000000000000036,0.040000000000000036,1.0,4781,4781,0.011724776591220462,27
10000000,0.03138899999999998,0.03,0.03999999999999998,0.040000000000000036,1.0,4784,4784,0.011724776591220462,28
10000000,0.031742999999999987,0.030000000000000027,0.040000000000000036,0.040000000000000036,1.0,4781,4781,0.011724776591220462,29
10000000,0.03163699999999999,0.03,0.040000000000000036,0.040000000000000036,1.0,4783,4783,0.011724776591220462,30
10000000,0.03182799999999999,0.03,0.03999999999999998,0.040000000000000036,1.0,4784,4784,0.011724776591220462,31
10000000,0.03175199999999999,0.030000000000000027,0.03999999999999998,0.040000000000000036,1.0,4782,4782,0.011724776591220462,32
10000000,0.03147699999999999,0.03,0.03999999999999998,0.040000000000000036,1.0,4786,4786,0.011724776591220462,33
10000000,0.031727999999999985,0.03,0.04000000000000001,0.040000000000000036,1.0,4782,4782,0.011724776591220462,34
10000000,0.03206099999999999,0.030000000000000027,0.03999999999999998,0.040000000000000036,1.0,4780,4780,0.011724776591220462,35
10000000,0.031670999999999984,0.03,0.04000000000000001,0.040000000000000036,1.0,4782,4782,0.011724776591220462,36
10000000,0.031526999999999986,0.03,0.03999999999999998,0.040000000000000036,1.0,4784,4784,0.011724776591220462,37
10000000,0.03143999999999999,0.03,0.040000000000000036,0.040000000000000036,1.0,4783,4783,0.011724776591220462,38
10000000,0.03141099999999999,0.03,0.03999999999999998,0.040000000000000036,1.0,4786,4786,0.011724776591220462,39
10000000,0.031420999999999984,0.03,0.03999999999999998,0.040000000000000036,1.0,4786,4786,0.011724776591220462,40
10000000,0.031063999999999987,0.03,0.03999999999999998,0.040000000000000036,1.0,4787,4787,0.011724776591220462,41
10000000,0.03147699999999999,0.03,0.04000000000000001,0.040000000000000036,1.0,4785,4785,0.011724776591220462,42
10000000,0.03125899999999999,0.03,0.03999999999999998,0.040000000000000036,1.0,4786,4786,0.011724776591220462,43
10000000,0.031262999999999985,0.03,0.03999999999999998,0.040000000000000036,1.0,4789,4789,0.011724776591220462,44
10000000,0.031670999999999984,0.03,0.04000000000000001,0.040000000000000036,1.0,4782,4782,0.011724776591220462,45
10000000,0.03164099999999999,0.030000000000000027,0.03999999999999998,0.040000000000000036,1.0,4785,4785,0.011724776591220462,46
10000000,0.03188999999999999,0.030000000000000027,0.040000000000000036,0.040000000000000036,1.0,4779,4779,0.011724776591220462,47
10000000,0.03154799999999999,0.030000000000000027,0.03999999999999998,0.040000000000000036,1.0,4785,4785,0.011724776591220462,48
10000000,0.031720999999999985,0.030000000000000027,0.03999999999999998,0.040000000000000036,1.0,4785,4785,0.011724776591220462,49
10000000,0.031670999999999984,0.03,0.03999999999999998,0.040000000000000036,1.0,4786,4786,0.011724776591220462,50
10000000,0.031142999999999987,0.03,0.03999999999999998,0.040000000000000036,1.0,4789,4789,0.011724776591220462,51
10000000,0.03182799999999999,0.03,0.03999999999999998,0.040000000000000036,1.0,4784,4784,0.011724776591220462,52
10000000,0.03201699999999998,0.030000000000000027,0.04000000000000001,0.040000000000000036,1.0,4777,4777,0.011724776591220462,53
10000000,0.03186199999999999,0.03,0.040000000000000036,0.040000000000000036,1.0,4779,4779,0.011724776591220462,54
10000000,0.030864999999999983,0.03,0.03999999999999998,0.040000000000000036,1.0,4790,4790,0.011724776591220462,55
10000000,0.03165,0.03,0.040000000000000036,0.040000000000000036,1.0,4785,4785,0.011724776591220462,56
10000000,0.03166399999999999,0.03,0.03999999999999998,0.040000000000000036,1.0,4779,4779,0.011724776591220462,57
10000000,0.03163999999999999,0.03,0.03999999999999998,0.040000000000000036,1.0,4783,4783,0.011724776591220462,58
10000000,0.032206999999999986,0.030000000000000027,0.040000000000000036,0.040000000000000036,1.0,4781,4781,0.011724776591220462,59
10000000,0.031991999999999986,0.030000000000000027,0.03999999999999998,0.040000000000000036,1.0,4781,4781,0.011724776591220462,60
10000000,0.03189199999999998,0.030000000000000027,0.03999999999999998,0.040000000000000036,1.0,4784,4784,0.011724776591220462,61
10000000,0.03164099999999999,0.030000000000000027,0.03999999999999998,0.040000000000000036,1.0,4784,4784,0.011724776591220462,62
10000000,0.03163499999999999,0.03,0.03999999999999998,0.040000000000000036,1.0,4787,4787,0.011724776591220462,63
10000000,0.03212399999999999,0.030000000000000027,0.040000000000000036,0.040000000000000036,1.0,4782,4782,0.011724776591220462,64
10000000,0.03157699999999999,0.03,0.040000000000000036,0.040000000000000036,1.0,4784,4784,0.011724776591220462,65
10000000,0.03146599999999999,0.030000000000000027,0.03999999999999998,0.040000000000000036,1.0,4786,4786,0.011724776591220462,66
10000000,0.031733999999999984,0.03,0.040000000000000036,0.040000000000000036,1.0,4780,4780,0.011724776591220462,67
10000000,0.03145199999999999,0.03,0.03999999999999998,0.040000000000000036,1.0,4788,4788,0.011724776591220462,68
10000000,0.03147699999999999,0.03,0.040000000000000036,0.040000000000000036,1.0,4784,4784,0.011724776591220462,69
10000000,0.031608,0.030000000000000027,0.03999999999999998,0.040000000000000036,1.0,4779,4779,0.011724776591220462,70
10000000,0.031249999999999986,0.03,0.040000000000000036,0.040000000000000036,1.0,4782,4782,0.011724776591220462,71
10000000,0.031470999999999985,0.03,0.03999999999999998,0.040000000000000036,1.0,4789,4789,0.011724776591220462,72
10000000,0.031727999999999985,0.03,0.03999999999999998,0.040000000000000036,1.0,4786,4786,0.011724776591220462,73
10000000,0.03157699999999999,0.03,0.03999999999999998,0.040000000000000036,1.0,4787,4787,0.011724776591220462,74
10000000,0.03165099999999999,0.03,0.040000000000000036,0.040000000000000036,1.0,4776,4776,0.011724776591220462,75
10000000,0.031063999999999987,0.03,0.04000000000000001,0.040000000000000036,1.0,4788,4788,0.011724776591220462,76
10000000,0.03163499999999999,0.03,0.03999999999999998,0.040000000000000036,1.0,4786,4786,0.011724776591220462,77
10000000,0.031336999999999976,0.03,0.04000000000000001,0.040000000000000036,1.0,4782,4782,0.011724776591220462,78
10000000,0.03208699999999999,0.030000000000000027,0.040000000000000036,0.040000000000000036,1.0,4775,4775,0.011724776591220462,79
10000000,0.03133899999999999,0.03,0.040000000000000036,0.040000000000000036,1.0,4781,4781,0.011724776591220462,80
10000000,0.03190899999999998,0.030000000000000027,0.03999999999999998,0.040000000000000036,1.0,4785,4785,0.011724776591220462,81
10000000,0.03185499999999999,0.030000000000000027,0.040000000000000036,0.040000000000000036,1.0,4778,4778,0.011724776591220462,82
10000000,0.03179199999999999,0.03,0.040000000000000036,0.040000000000000036,1.0,4783,4783,0.011724776591220462,83
10000000,0.031991999999999986,0.030000000000000027,0.03999999999999998,0.040000000000000036,1.0,4784,4784,0.011724776591220462,84
10000000,0.03182799999999999,0.03,0.04000000000000001,0.040000000000000036,1.0,4783,4783,0.011724776591220462,85
10000000,0.03145199999999999,0.03,0.04000000000000001,0.040000000000000036,1.0,4786,4786,0.011724776591220462,86
10000000,0.031670999999999984,0.03,0.03999999999999998,0.040000000000000036,1.0,4782,4782,0.011724776591220462,87
10000000,0.03163499999999999,0.03,0.03999999999999998,0.040000000000000036,1.0,4785,4785,0.011724776591220462,88
10000000,0.031215999999999987,0.03,0.040000000000000036,0.040000000000000036,1.0,4785,4785,0.011724776591220462,89
10000000,0.03145199999999999,0.03,0.04000000000000001,0.040000000000000036,1.0,4784,4784,0.011724776591220462,90
10000000,0.03147699999999999,0.03,0.03999999999999998,0.040000000000000036,1.0,4788,4788,0.011724776591220462,91
10000000,0.031497999999999984,0.03,0.03999999999999998,0.040000000000000036,1.0,4782,4782,0.011724776591220462,92
10000000,0.03163499999999999,0.03,0.03999999999999998,0.040000000000000036,1.0,4787,4787,0.011724776591220462,93
10000000,0.031622999999999984,0.03,0.040000000000000036,0.040000000000000036,1.0,4783,4783,0.011724776591220462,94
10000000,0.03154799999999999,0.030000000000000027,0.04000000000000001,0.040000000000000036,1.0,4782,4782,0.011724776591220462,95
10000000,0.03163499999999999,0.03,0.03999999999999998,0.040000000000000036,1.0,4786,4786,0.011724776591220462,96
10000000,0.03151299999999999,0.03,0.040000000000000036,0.040000000000000036,1.0,4781,4781,0.011724776591220462,97
10000000,0.03157799999999999,0.03,0.040000000000000036,0.040000000000000036,1.0,4781,4781,0.011724776591220462,98
10000000,0.03157699999999999,0.03,0.03999999999999998,0.040000000000000036,1.0,4787,4787,0.011724776591220462,99
