method,target_coverage,n_completed_seeds,mean_avg_set_size,sd_avg_set_size,mean_macro_coverage,sd_macro_coverage,mean_worst_coverage,sd_worst_coverage,dgp_name,dgp_title
Calibration-based interval,0.0,1000,0.0,0.0,0.0,0.0,0.0,0.0,population_nonlinear,Population-style nonlinear
Calibration-based interval,0.0666666666666666,1000,0.0733735,0.00847921841297268,0.057013405688755216,0.00766910517877622,0.033911474001075345,0.012702981516177015,population_nonlinear,Population-style nonlinear
Calibration-based interval,0.1333333333333333,1000,0.1504205,0.013744465798643826,0.11779367083430937,0.010899975822652798,0.08379710643168282,0.020184359767088305,population_nonlinear,Population-style nonlinear
Calibration-based interval,0.2,1000,0.239411,0.02284104402807132,0.18114977591593953,0.013179991165286902,0.14077856296231456,0.025460132812639757,population_nonlinear,Population-style nonlinear
Calibration-based interval,0.2666666666666666,1000,0.3498055,0.057061299596676385,0.24581011493416483,0.015098415198226101,0.20216623612668794,0.029371209704241258,population_nonlinear,Population-style nonlinear
Calibration-based interval,0.3333333333333333,1000,0.531554,0.1971187304085482,0.315738505057064,0.022639931346315076,0.2642806242900134,0.03296324482851531,population_nonlinear,Population-style nonlinear
Calibration-based interval,0.4,1000,0.8279605,0.3863567143203938,0.39967290322752147,0.022005395906503345,0.3271473172170408,0.03845675982772917,population_nonlinear,Population-style nonlinear
Calibration-based interval,0.4666666666666667,1000,1.229068,0.5275410585389959,0.44554211030327995,0.020658309280574768,0.3815333325863722,0.04260231380705277,population_nonlinear,Population-style nonlinear
Calibration-based interval,0.5333333333333333,1000,1.6770025,0.5325306720372174,0.49796939626813047,0.022638463980403586,0.4199103018634238,0.05080082807843978,population_nonlinear,Population-style nonlinear
Calibration-based interval,0.6,1000,2.038782,0.42248725597046993,0.5428926567672232,0.02667173559665778,0.44195475124891653,0.06016181223500532,population_nonlinear,Population-style nonlinear
Calibration-based interval,0.6666666666666666,1000,2.2555295,0.2886515010680159,0.5808689296292383,0.03046706465894724,0.45203433959558653,0.06731081150042964,population_nonlinear,Population-style nonlinear
Calibration-based interval,0.7333333333333333,1000,2.395441,0.1768173475465385,0.6150264622506572,0.033090778946240074,0.4557814123350255,0.07128041933002931,population_nonlinear,Population-style nonlinear
Calibration-based interval,0.8,1000,2.6219595,0.25158928689240523,0.6455568813522149,0.035647785020079224,0.4570328487955404,0.073211744278443,population_nonlinear,Population-style nonlinear
Calibration-based interval,0.8666666666666667,1000,3.3284635,0.2560384299189195,0.6636395366847134,0.04119073248673828,0.45736308754781,0.07382177409108334,population_nonlinear,Population-style nonlinear
Calibration-based interval,0.9333333333333332,1000,3.5215259999999997,0.08098144428397358,0.6655402012957125,0.04302822750625225,0.45743530294452295,0.07401576283826185,population_nonlinear,Population-style nonlinear
Calibration-based interval,1.0,1000,3.5243800000000003,0.07820242783775778,0.6655556520263409,0.043055251343955,0.45743530294452295,0.07401576283826185,population_nonlinear,Population-style nonlinear
Conformal classification,0.0,1000,0.0,0.0,0.0,0.0,0.0,0.0,population_nonlinear,Population-style nonlinear
Conformal classification,0.0666666666666666,1000,0.06672650000000001,0.007643485502087414,0.03965022964616293,0.004522206670438043,0.0,0.0,population_nonlinear,Population-style nonlinear
Conformal classification,0.1333333333333333,1000,0.133073,0.010789327160698223,0.07914151447686878,0.006360930049853809,0.0,0.0,population_nonlinear,Population-style nonlinear
Conformal classification,0.2,1000,0.2002005,0.01240905049890137,0.11909945903348064,0.007258602605433557,0.0,0.0,population_nonlinear,Population-style nonlinear
Conformal classification,0.2666666666666666,1000,0.266875,0.01388416886764004,0.15877095320931955,0.008016625183494637,0.0,0.0,population_nonlinear,Population-style nonlinear
Conformal classification,0.3333333333333333,1000,0.33354300000000003,0.014687490370154222,0.1983978408268083,0.008363961027602177,2.27004639226887e-05,0.0003588650161965588,population_nonlinear,Population-style nonlinear
Conformal classification,0.4,1000,0.401326,0.015143283760236511,0.23861317936211354,0.008533598096708036,4.7344425787822304e-05,0.0005282946943834425,population_nonlinear,Population-style nonlinear
Conformal classification,0.4666666666666667,1000,0.469522,0.015282492289236404,0.27907459483057645,0.00863137405048643,0.00029471115524202764,0.001326695819202674,population_nonlinear,Population-style nonlinear
Conformal classification,0.5333333333333333,1000,0.5394009999999999,0.0158060599306257,0.32075684455486536,0.009156430317848414,0.0014212911344282156,0.002960894086208782,population_nonlinear,Population-style nonlinear
Conformal classification,0.6,1000,0.6104835000000001,0.015805609606878334,0.3645966577119362,0.010033637992560832,0.006785319255808101,0.007588801777096078,population_nonlinear,Population-style nonlinear
Conformal classification,0.6666666666666666,1000,0.687121,0.015766354586172947,0.41644909656821594,0.012481355352694882,0.027623403177981065,0.01712244778206282,population_nonlinear,Population-style nonlinear
Conformal classification,0.7333333333333333,1000,0.7734344999999999,0.016437751044757,0.48586867633298914,0.017087229312736023,0.09027233307594408,0.03277829497103536,population_nonlinear,Population-style nonlinear
Conformal classification,0.8,1000,0.876487,0.017096860344333192,0.5798402656446827,0.019293706324335066,0.22196114373447434,0.0419073695883326,population_nonlinear,Population-style nonlinear
Conformal classification,0.8666666666666667,1000,1.016369,0.020008965432967738,0.700470565619793,0.018898033508648677,0.4256138397891192,0.04259297478393348,population_nonlinear,Population-style nonlinear
Conformal classification,0.9333333333333332,1000,1.2466244999999998,0.029854648713387937,0.8402420846985479,0.014315664540248844,0.6847829485633772,0.03253782617171262,population_nonlinear,Population-style nonlinear
Conformal classification,1.0,1000,4.0,0.0,1.0,0.0,1.0,0.0,population_nonlinear,Population-style nonlinear
Fixed-width binning,0.0,1000,0.0,0.0,0.0,0.0,0.0,0.0,population_nonlinear,Population-style nonlinear
Fixed-width binning,0.0666666666666666,1000,0.06957899999999999,0.008741291047046155,0.05400817055717095,0.008212490406000621,0.02735325283637838,0.014740275419764222,population_nonlinear,Population-style nonlinear
Fixed-width binning,0.1333333333333333,1000,0.137603,0.011101312090475154,0.11212803242070145,0.011630517526379228,0.07170728896238442,0.023555826820821555,population_nonlinear,Population-style nonlinear
Fixed-width binning,0.2,1000,0.2085425,0.013369112795055892,0.17291948981057106,0.014054015456583484,0.12475355830372761,0.028292561953974858,population_nonlinear,Population-style nonlinear
Fixed-width binning,0.2666666666666666,1000,0.284105,0.015257367474838576,0.23607726908084725,0.01598404211517957,0.18351274247664207,0.03158087666305123,population_nonlinear,Population-style nonlinear
Fixed-width binning,0.3333333333333333,1000,0.36553199999999997,0.017236373416950813,0.300243230403925,0.016908301863252234,0.24560280172692467,0.0336784212001441,population_nonlinear,Population-style nonlinear
Fixed-width binning,0.4,1000,0.4575785,0.01900163545329451,0.3721196959002138,0.01847004965709217,0.30969755351942246,0.036549965336875566,population_nonlinear,Population-style nonlinear
Fixed-width binning,0.4666666666666667,1000,0.5185795,0.018998246316781806,0.43791378800992264,0.018610776500904643,0.3744461136455379,0.03822179299604482,population_nonlinear,Population-style nonlinear
Fixed-width binning,0.5333333333333333,1000,0.6029025,0.02107232276082865,0.5031169583187662,0.019613629432049105,0.4416655536553462,0.04035951460799977,population_nonlinear,Population-style nonlinear
Fixed-width binning,0.6,1000,0.695299,0.02348326132722121,0.5698873732090562,0.019832266462549465,0.508158065105545,0.04149780104540257,population_nonlinear,Population-style nonlinear
Fixed-width binning,0.6666666666666666,1000,0.795318,0.02722527486714491,0.6356103057559606,0.019929330197160488,0.5735492112837788,0.04403574315024386,population_nonlinear,Population-style nonlinear
Fixed-width binning,0.7333333333333333,1000,0.9093184999999999,0.032628391312929744,0.7014839746408668,0.01953393969672637,0.6382517182262799,0.046697308120207275,population_nonlinear,Population-style nonlinear
Fixed-width binning,0.8,1000,1.045832,0.043364845045102934,0.766802338004153,0.01923221391397727,0.7021799527865915,0.04978771287599604,population_nonlinear,Population-style nonlinear
Fixed-width binning,0.8666666666666667,1000,1.229794,0.06652414994967265,0.8324289834359104,0.01913906433396267,0.7657164982319548,0.05282796029591672,population_nonlinear,Population-style nonlinear
Fixed-width binning,0.9333333333333332,1000,1.6466395,0.23982378058792547,0.8965643963441461,0.01853715342138685,0.8262779923187994,0.053473463233124734,population_nonlinear,Population-style nonlinear
Fixed-width binning,1.0,1000,3.275694,0.3721438046983656,0.9632964998436732,0.02015982211409664,0.8931569223151516,0.05823097813314311,population_nonlinear,Population-style nonlinear
PICPI,0.0,1000,0.0,0.0,0.0,0.0,0.0,0.0,population_nonlinear,Population-style nonlinear
PICPI,0.0666666666666666,1000,0.098836,0.013503571766405003,0.08520689238158535,0.014144719487782677,0.061101179948469135,0.01339046780050595,population_nonlinear,Population-style nonlinear
PICPI,0.1333333333333333,1000,0.17848,0.01747542533074633,0.1568872790596377,0.017067389757836896,0.12594778695680459,0.01752500561369957,population_nonlinear,Population-style nonlinear
PICPI,0.2,1000,0.26033100000000003,0.020611726814662622,0.22848721073523728,0.018593744983654775,0.19236642440212023,0.020008796375184774,population_nonlinear,Population-style nonlinear
PICPI,0.2666666666666666,1000,0.35434550000000004,0.03030085843291856,0.3008266378470958,0.020797523129869624,0.26045274802291174,0.021127424887498972,population_nonlinear,Population-style nonlinear
PICPI,0.3333333333333333,1000,0.470551,0.04879639317600212,0.3818706849060194,0.0313064009666251,0.33172466148618696,0.02321884850604781,population_nonlinear,Population-style nonlinear
PICPI,0.4,1000,0.5699885,0.04656615750493888,0.48441994983522735,0.032532007991208874,0.42058109610143724,0.0357546213677883,population_nonlinear,Population-style nonlinear
PICPI,0.4666666666666667,1000,0.6229315000000001,0.03980892875421994,0.5319393317419387,0.027663421772068347,0.47754799261330294,0.02879312553167505,population_nonlinear,Population-style nonlinear
PICPI,0.5333333333333333,1000,0.704014,0.033267311553806335,0.5890391266077518,0.022639467908498315,0.5381627246530092,0.022831148779755596,population_nonlinear,Population-style nonlinear
PICPI,0.6,1000,0.8093625,0.0335539000409484,0.6542837492467454,0.01830705707474888,0.6038854514929632,0.019746326752556106,population_nonlinear,Population-style nonlinear
PICPI,0.6666666666666666,1000,0.9335315000000001,0.03913621597895169,0.72184610849185,0.016934834898572098,0.6726189871559234,0.019667660457499687,population_nonlinear,Population-style nonlinear
PICPI,0.7333333333333333,1000,1.0833855000000001,0.04851829721780139,0.7894358998856347,0.01449242027788337,0.7430725217601014,0.018083722485278755,population_nonlinear,Population-style nonlinear
PICPI,0.8,1000,1.277805,0.06665390249428546,0.8552577402738549,0.012431671588091461,0.8140772383387007,0.016410409546986974,population_nonlinear,Population-style nonlinear
PICPI,0.8666666666666667,1000,1.619723,0.20184877061106216,0.9140155746788861,0.009573421607810741,0.8844906118732467,0.013504392054456913,population_nonlinear,Population-style nonlinear
PICPI,0.9333333333333332,1000,2.328342,0.2896443714245072,0.9643648073707314,0.008608936991097002,0.9466961320375975,0.01321707489439646,population_nonlinear,Population-style nonlinear
PICPI,1.0,1000,3.9997825,0.0005605871992902029,0.9993752150769383,0.0015969189391877216,0.9975707064204706,0.006223009502027277,population_nonlinear,Population-style nonlinear
Simultaneous CI,0.0,1000,0.000501,0.000683349080606659,0.000293313184196478,0.00040069716549917593,0.0,0.0,population_nonlinear,Population-style nonlinear
Simultaneous CI,0.0666666666666666,1000,0.066535,0.007571862921904232,0.03938687455313174,0.004463776656835585,5.65104074645717e-13,1.7870159909222738e-11,population_nonlinear,Population-style nonlinear
Simultaneous CI,0.1333333333333333,1000,0.1330245,0.010975409302589088,0.07892356862694552,0.006450329957141237,5.65104074645717e-13,1.7870159909222738e-11,population_nonlinear,Population-style nonlinear
Simultaneous CI,0.2,1000,0.2001625,0.012390878807720935,0.1188507246713357,0.007213671009256286,5.65104074645717e-13,1.7870159909222738e-11,population_nonlinear,Population-style nonlinear
Simultaneous CI,0.2666666666666666,1000,0.2670865,0.013677731833096372,0.15860058343069752,0.007900530067980756,3.204818299629153e-12,8.516539674007542e-11,population_nonlinear,Population-style nonlinear
Simultaneous CI,0.3333333333333333,1000,0.3342765,0.014680303438929964,0.19839304608385877,0.008353202186170442,1.8155936067523384e-06,4.074041842230885e-05,population_nonlinear,Population-style nonlinear
Simultaneous CI,0.4,1000,0.4023535,0.015456283008357273,0.2384465967129499,0.008650108918719156,1.863878712893097e-05,0.00030877468251015207,population_nonlinear,Population-style nonlinear
Simultaneous CI,0.4666666666666667,1000,0.47089800000000004,0.015365535971637798,0.2783408283029964,0.008380973177102773,8.059651235809296e-05,0.0006253186276839884,population_nonlinear,Population-style nonlinear
Simultaneous CI,0.5333333333333333,1000,0.5413505,0.015859837142423124,0.3185652476330739,0.008432299708809704,0.0002965674351614955,0.00117811958013084,population_nonlinear,Population-style nonlinear
Simultaneous CI,0.6,1000,0.6145865,0.016091370356497,0.3590686664373751,0.008368810068244924,0.0009736717729641128,0.002178126712320964,population_nonlinear,Population-style nonlinear
Simultaneous CI,0.6666666666666666,1000,0.6946975,0.016564589623029598,0.40140440083853063,0.008458967783242736,0.003531634253904349,0.004223129763503891,population_nonlinear,Population-style nonlinear
Simultaneous CI,0.7333333333333333,1000,0.7905549999999999,0.018633993149636513,0.4488676043270519,0.009650677684328784,0.01246498266517199,0.008542095598604412,population_nonlinear,Population-style nonlinear
Simultaneous CI,0.8,1000,0.9283705,0.025027981932821314,0.5157048102204633,0.014268220826346949,0.060794757842770594,0.02461140544377377,population_nonlinear,Population-style nonlinear
Simultaneous CI,0.8666666666666667,1000,1.1708135,0.03695458170320505,0.6375110652067931,0.019724550249819995,0.2576476008399414,0.04595269618822601,population_nonlinear,Population-style nonlinear
Simultaneous CI,0.9333333333333332,1000,1.6082305,0.05384051374820523,0.8073479120340625,0.017054879234405455,0.5989163211032308,0.03933675875582091,population_nonlinear,Population-style nonlinear
Simultaneous CI,1.0,1000,4.0,0.0,1.0,0.0,1.0,0.0,population_nonlinear,Population-style nonlinear
Split conformal prediction,0.0,1000,0.0,0.0,0.0,0.0,0.0,0.0,population_nonlinear,Population-style nonlinear
Split conformal prediction,0.0666666666666666,1000,8e-06,0.00013211151900365637,5.701448454005e-06,8.56604480445658e-05,0.0,0.0,population_nonlinear,Population-style nonlinear
Split conformal prediction,0.1333333333333333,1000,0.0,0.0,0.0,0.0,0.0,0.0,population_nonlinear,Population-style nonlinear
Split conformal prediction,0.2,1000,0.006282,0.015060205369973736,0.003660562021609948,0.008776165016112522,0.0,0.0,population_nonlinear,Population-style nonlinear
Split conformal prediction,0.2666666666666666,1000,0.087352,0.03175424267602565,0.05155624852869663,0.019226080232218806,0.0,0.0,population_nonlinear,Population-style nonlinear
Split conformal prediction,0.3333333333333333,1000,0.26564,0.0785842279397137,0.14403936939708967,0.03211825669760145,0.051398665062870566,0.05921370055931771,population_nonlinear,Population-style nonlinear
Split conformal prediction,0.4,1000,0.44355500000000003,0.11713815271644762,0.24093783397052437,0.0345377840728723,0.1795761617686666,0.04009158490438341,population_nonlinear,Population-style nonlinear
Split conformal prediction,0.4666666666666667,1000,0.4990175,0.06047222779164069,0.3447082260003851,0.03245272522766525,0.25393222849736,0.042901278845996156,population_nonlinear,Population-style nonlinear
Split conformal prediction,0.5333333333333333,1000,0.5710040000000001,0.031800121567876614,0.4237258312316427,0.02176305145671413,0.2985504556402889,0.04357878020171772,population_nonlinear,Population-style nonlinear
Split conformal prediction,0.6,1000,0.6294305,0.02484378460266034,0.47593559737027297,0.022870539300016778,0.30812639753672355,0.052793103657343625,population_nonlinear,Population-style nonlinear
Split conformal prediction,0.6666666666666666,1000,0.6946955,0.023020957717789316,0.5198160516750817,0.025306884956540075,0.3080371542491453,0.0605857325995888,population_nonlinear,Population-style nonlinear
Split conformal prediction,0.7333333333333333,1000,0.7858485,0.025357973589673437,0.5710357058273503,0.02850303490307017,0.30824248128935405,0.06399160071218635,population_nonlinear,Population-style nonlinear
Split conformal prediction,0.8,1000,0.8962519999999999,0.028597207840911583,0.631572250642031,0.03046954477036675,0.3297815686065793,0.06501644848153233,population_nonlinear,Population-style nonlinear
Split conformal prediction,0.8666666666666667,1000,1.0270219999999999,0.0477437795370715,0.7079347547226645,0.03523921851944845,0.42121675982908374,0.07382937327469259,population_nonlinear,Population-style nonlinear
Split conformal prediction,0.9333333333333332,1000,1.366002,0.37581094430825407,0.8446062299179866,0.047893166830290906,0.6791523762025956,0.10392437461429357,population_nonlinear,Population-style nonlinear
Split conformal prediction,1.0,1000,4.0,0.0,1.0,0.0,1.0,0.0,population_nonlinear,Population-style nonlinear
